"sound.files","meanfreq","sd","median","Q25","Q75","IQR","skew","kurt","sp.ent","sfm","mode","centroid","meanfun","minfun","maxfun","meandom","mindom","maxdom","dfrange","modindx","label"
"BAC009S0901W0121.wav",0.169783620986363,0.0534660395247165,0.177505773672055,0.119953810623557,0.20919168591224,0.0892378752886836,3.06609465203639,17.0589348301945,0.912755969420075,0.443068162153416,0.118983833718245,0.169783620986363,0.116877098688256,0.0380047505938242,0.246153846153846,0.24462890625,0.078125,0.53125,0.453125,0.389655172413793,"male"
"BAC009S0901W0122.wav",0.182787240246364,0.0511771029716921,0.186826758147513,0.151406518010292,0.220566037735849,0.0691595197255575,1.88861543768214,8.03610554293136,0.927994378155747,0.418179507423459,0.119708404802744,0.182787240246364,0.124176594254748,0.019047619047619,0.258064516129032,0.522675304878049,0,5.984375,5.984375,0.101298426363701,"male"
"BAC009S0901W0123.wav",0.178683537239842,0.0548572561147928,0.190188679245283,0.137509433962264,0.211471698113208,0.0739622641509434,2.79897887587654,13.8625505566034,0.922059108519707,0.459327396592414,0.204830188679245,0.178683537239842,0.128691907064875,0.016597510373444,0.253968253968254,0.477941176470588,0.1171875,3.3203125,3.203125,0.102926829268293,"male"
"BAC009S0901W0124.wav",0.185052483157277,0.0538434718994141,0.193602853745541,0.142164090368609,0.222068965517241,0.0799048751486326,1.78210420108021,7.10201069672374,0.927548033739445,0.425695135172482,0.119524375743163,0.185052483157277,0.126956455948773,0.0156862745098039,0.253968253968254,0.298058712121212,0.1171875,0.625,0.5078125,0.338957816377171,"male"
"BAC009S0901W0125.wav",0.184759271272224,0.0447024940894634,0.183365487674169,0.166259378349411,0.20887459807074,0.042615219721329,3.33964511970476,18.2175950126181,0.883645393045584,0.31694837438025,0.178263665594855,0.184759271272224,0.137697381423737,0.0172413793103448,0.225352112676056,0.342447916666667,0.1171875,0.8125,0.6953125,0.233972240581626,"male"
"BAC009S0901W0126.wav",0.183087370327597,0.0472315442793928,0.192269399707174,0.164597364568082,0.20805270863836,0.0434553440702782,2.43657386041947,9.41010720969194,0.902162346972248,0.366169373558872,0.179355783308931,0.183087370327597,0.145340675958274,0.049079754601227,0.235294117647059,0.487239583333333,0.1171875,4.71875,4.6015625,0.104209355424155,"male"
"BAC009S0901W0127.wav",0.180333349461453,0.0540615114176507,0.1897605893186,0.139484346224678,0.218637200736648,0.0791528545119705,2.32286676210871,10.1161340795706,0.921506606055346,0.44527186166123,0.192338858195212,0.180333349461453,0.117599455969149,0.0247678018575851,0.197530864197531,0.446022727272727,0.1171875,1.5625,1.4453125,0.174259974259974,"male"
"BAC009S0901W0128.wav",0.183179048699264,0.053583018130069,0.190559241706161,0.140663507109005,0.217364928909953,0.0767014218009479,1.9396215105266,7.11720354200139,0.918021468802899,0.433121711473623,0.119962085308057,0.183179048699264,0.133875303028393,0.0208333333333333,0.225352112676056,0.360863095238095,0.1171875,0.5390625,0.421875,0.328703703703704,"male"
"BAC009S0901W0129.wav",0.178718317292113,0.0523252433837495,0.191888111888112,0.14,0.208857808857809,0.0688578088578089,2.61317535898438,10.8224769213839,0.906949754186832,0.436018429432046,0.188624708624709,0.178718317292113,0.13948513375129,0.0226308345120226,0.213333333333333,0.34765625,0.1171875,0.734375,0.6171875,0.292827004219409,"male"
"BAC009S0901W0130.wav",0.171904365105052,0.0551048462675205,0.180795698924731,0.124043010752688,0.209096774193548,0.0850537634408602,1.70625596681365,6.5577490519501,0.935200892469876,0.497427141572732,0.119978494623656,0.171904365105052,0.117311588095414,0.016580310880829,0.262295081967213,0.45751953125,0,3.1875,3.1875,0.112832633053221,"male"
"BAC009S0902W0121.wav",0.172962100423467,0.0593723970673932,0.18433598183882,0.130624290578888,0.206106696935301,0.0754824063564132,2.80559221126838,14.8146488011144,0.922521399540538,0.44813364491842,0.188467650397276,0.172962100423467,0.129280988520628,0.0157635467980296,0.238805970149254,0.274553571428571,0,0.609375,0.609375,0.282371794871795,"male"
"BAC009S0902W0122.wav",0.182097743931746,0.052224893486083,0.185518831667948,0.146994619523444,0.218662567255957,0.0716679477325134,2.84313472765429,13.4836584732715,0.901892824751677,0.342347333643647,0.188101460415065,0.182097743931746,0.130697306475195,0.0160804020100502,0.266666666666667,0.298760775862069,0.1171875,2.4765625,2.359375,0.0696546830652791,"male"
"BAC009S0902W0123.wav",0.177663824540646,0.0491063427123679,0.186666666666667,0.153924050632911,0.196118143459916,0.0421940928270042,4.22806684102195,25.5076215712236,0.880379751686935,0.334255381866913,0.187341772151899,0.177663824540646,0.143629849663873,0.0159203980099502,0.275862068965517,0.308376736111111,0.0078125,3.3671875,3.359375,0.0702607470049331,"male"
"BAC009S0902W0124.wav",0.17574485868162,0.0579228994371161,0.185669515669516,0.131424501424501,0.215982905982906,0.0845584045584046,2.63010485917797,13.1483405395257,0.918887058618211,0.432107351360619,0.187863247863248,0.17574485868162,0.133443009242701,0.0166320166320166,0.266666666666667,0.177490234375,0.109375,0.3828125,0.2734375,0.293087557603687,"male"
"BAC009S0902W0125.wav",0.171740532194292,0.0537705378792033,0.178115183246073,0.144397905759162,0.197417102966841,0.0530191972076789,2.85774718428037,13.0997687835579,0.900822739443314,0.397088705248859,0.188132635253054,0.171740532194292,0.144534359826966,0.0170394036208733,0.231884057971014,0.235,0,0.6015625,0.6015625,0.20995670995671,"male"
"BAC009S0902W0126.wav",0.174637202292282,0.054036836510289,0.181754385964912,0.144639376218324,0.199766081871345,0.0551267056530214,2.44939308904016,10.7763209417683,0.901227460522214,0.361762560501341,0.192124756335283,0.174637202292282,0.139514999746699,0.018539976825029,0.20253164556962,0.213423295454545,0.109375,0.3828125,0.2734375,0.308843537414966,"male"
"BAC009S0902W0127.wav",0.168919591808985,0.0562021757499483,0.174279176201373,0.133272311212815,0.194141876430206,0.0608695652173913,2.67265558621501,11.4046599653599,0.904528718038331,0.414597713569476,0.177803203661327,0.168919591808985,0.140734068343576,0.0225352112676056,0.210526315789474,0.636284722222222,0.0859375,5.5078125,5.421875,0.115951856246821,"male"
"BAC009S0902W0128.wav",0.175876724056491,0.0499622773863702,0.181602067183463,0.150490956072351,0.197760551248923,0.0472695951765719,3.19921693220406,15.1114169596358,0.891800740925254,0.356085072898055,0.180637381567614,0.175876724056491,0.142153916336512,0.0169671261930011,0.25,0.205228365384615,0,0.421875,0.421875,0.220740740740741,"male"
"BAC009S0902W0129.wav",0.176503545993033,0.058110889881751,0.186666666666667,0.131279461279461,0.211649831649832,0.0803703703703704,2.06353500559768,8.29511619161049,0.919003159752507,0.412756333343254,0.188552188552189,0.176503545993033,0.131384448058708,0.0166320166320166,0.262295081967213,0.2159375,0,0.3828125,0.3828125,0.218278615794144,"male"
"BAC009S0902W0130.wav",0.175764746503458,0.058276412258586,0.18296224588577,0.132817037754114,0.210880929332043,0.0780638915779284,2.71672414114706,13.7790044812046,0.917859324993598,0.440557326254766,0.18784123910939,0.175764746503458,0.123346472547722,0.0187353629976581,0.228571428571429,0.261363636363636,0.0390625,0.4453125,0.40625,0.324175824175824,"male"
"BAC009S0903W0121.wav",0.176685144007513,0.0538068928779805,0.174934823091248,0.136871508379888,0.215083798882682,0.0782122905027933,2.41256130317756,10.7722498856733,0.907088056434322,0.396762242303868,0.177281191806331,0.176685144007513,0.117237909768761,0.0177580466148724,0.242424242424242,0.378736413043478,0.1171875,2.3125,2.1953125,0.107893885473957,"male"
"BAC009S0903W0122.wav",0.182331344994224,0.0488384895943078,0.179062259800154,0.153881629515757,0.211990776325903,0.058109146810146,3.3493398496882,19.0347851782554,0.906572633674914,0.377863524901494,0.176264411990776,0.182331344994224,0.126118872975225,0.0171858216970999,0.197530864197531,0.25,0.1171875,0.5625,0.4453125,0.245009074410163,"male"
"BAC009S0903W0123.wav",0.172902688106858,0.0518049731529244,0.179399837793998,0.139432278994323,0.195068937550689,0.0556366585563666,3.28181687777355,16.879313470316,0.897423178330443,0.380235182348095,0.188256285482563,0.172902688106858,0.128923070278703,0.0187134502923977,0.188235294117647,0.215277777777778,0.1171875,0.453125,0.3359375,0.234347048300537,"male"
"BAC009S0903W0124.wav",0.177332662734837,0.0478448833232465,0.178254269449715,0.146907020872865,0.200569259962049,0.0536622390891841,2.38939976371755,10.3659410157732,0.90147833667828,0.369141260787879,0.18011385199241,0.177332662734837,0.138939222970964,0.015888778550149,0.238805970149254,0.244318181818182,0.1171875,0.453125,0.3359375,0.362126245847176,"male"
"BAC009S0903W0125.wav",0.171536499683078,0.0520088079749486,0.173865336658354,0.138254364089776,0.193183707398171,0.0549293433083957,2.55902957636275,10.9973741196858,0.899661229532112,0.393270366050959,0.176425602660017,0.171536499683078,0.139200350029261,0.0217391304347826,0.271186440677966,0.225694444444444,0,0.671875,0.671875,0.217799642218247,"male"
"BAC009S0903W0126.wav",0.173908202113822,0.0492036444293798,0.177645348837209,0.14671511627907,0.191279069767442,0.0445639534883721,3.72363025232004,22.3465577048372,0.888581405180661,0.365399040745462,0.177848837209302,0.173908202113822,0.135182347886417,0.0222222222222222,0.271186440677966,0.283761160714286,0.1171875,0.6328125,0.515625,0.244172494172494,"male"
"BAC009S0903W0127.wav",0.174017055007188,0.0451993358358549,0.181347150259067,0.146528497409326,0.19839378238342,0.0518652849740933,2.5713459135853,9.97661118234348,0.88934813734811,0.369454746821172,0.198756476683938,0.174017055007188,0.121933227360444,0.0169671261930011,0.210526315789474,0.217633928571429,0.109375,0.7734375,0.6640625,0.219909502262443,"male"
"BAC009S0903W0128.wav",0.174938415553604,0.0488291909751077,0.176212871287129,0.139133663366337,0.202029702970297,0.0628960396039604,2.58014255385991,11.6698424364799,0.911410485082041,0.383018181018219,0.119034653465347,0.174938415553604,0.133601005367432,0.0156709108716944,0.197530864197531,0.258868243243243,0.046875,0.8359375,0.7890625,0.216721672167217,"male"
"BAC009S0903W0129.wav",0.183713921567806,0.0501173092916457,0.187423423423423,0.14845045045045,0.214666666666667,0.0662162162162162,2.27241334001911,9.63145139044307,0.912801726253609,0.363954525096435,0.119063063063063,0.183713921567806,0.120339078313195,0.0190023752969121,0.20253164556962,0.319444444444444,0.1171875,1.0546875,0.9375,0.165650406504065,"male"
"BAC009S0903W0130.wav",0.182919549517662,0.048301890170359,0.185774378585086,0.151912045889101,0.207456978967495,0.0555449330783939,3.12582894614818,16.8104534722219,0.907752649144941,0.373753291487603,0.180420650095602,0.182919549517662,0.15227840670389,0.0160320641282565,0.275862068965517,0.398251488095238,0,5.953125,5.953125,0.0504213289128333,"male"
"BAC009S0904W0121.wav",0.157807336086708,0.0758356127444071,0.159016393442623,0.112459016393443,0.224262295081967,0.111803278688525,2.40088462795737,11.6983968514414,0.929827160436822,0.537593603766285,0.119016393442623,0.157807336086708,0.120964285117352,0.0207522697795071,0.266666666666667,0.391059027777778,0,3.40625,3.40625,0.0974770642201835,"male"
"BAC009S0904W0122.wav",0.146490590657151,0.0727977385882137,0.14533779264214,0.105819397993311,0.199652173913043,0.0938327759197324,3.57106141329216,23.5070198629459,0.931412722109668,0.545578804488238,0.118929765886288,0.146490590657151,0.108986446782984,0.016016016016016,0.266666666666667,0.0998475609756098,0,0.3828125,0.3828125,0.218367346938775,"male"
"BAC009S0904W0123.wav",0.155993242843831,0.0761209572262957,0.150995670995671,0.113593073593074,0.220606060606061,0.107012987012987,2.33843385800493,9.90627371614814,0.925415300188852,0.486654425819034,0.119480519480519,0.155993242843831,0.113080454631238,0.0163265306122449,0.275862068965517,0.121626420454545,0.015625,0.609375,0.59375,0.144736842105263,"male"
"BAC009S0904W0124.wav",0.140162301827516,0.0787803461376644,0.139550561797753,0.0921348314606742,0.19438202247191,0.102247191011236,3.56095796195776,27.1890575857328,0.935496517398451,0.580307661097314,0.0143820224719101,0.140162301827516,0.109515776597059,0.0157016683022571,0.262295081967213,0.117417279411765,0,0.53125,0.53125,0.185383244206774,"male"
"BAC009S0904W0125.wav",0.148795030844082,0.0667296472448601,0.151428571428571,0.114920634920635,0.19015873015873,0.0752380952380952,2.62171615672626,11.5544153317601,0.917606113842476,0.502376603415196,0.11968253968254,0.148795030844082,0.120662837001502,0.015984015984016,0.275862068965517,0.153645833333333,0.015625,0.3828125,0.3671875,0.299722479185939,"male"
"BAC009S0904W0126.wav",0.157180914351471,0.0767145746863413,0.167236363636364,0.107927272727273,0.222727272727273,0.1148,2.21837943091586,9.09022243991224,0.92987951036679,0.533459992232119,0.187345454545455,0.157180914351471,0.104030013339932,0.018018018018018,0.262295081967213,0.188616071428571,0,1.25,1.25,0.122596153846154,"male"
"BAC009S0904W0127.wav",0.153329838540131,0.0742760982492799,0.135885455915599,0.10887716654107,0.222818387339864,0.113941220798794,4.24010656765893,30.9460654819721,0.928869451116284,0.536509903014126,0.120060286360211,0.153329838540131,0.0982169042578497,0.0200250312891114,0.242424242424242,0.219419642857143,0,1.2109375,1.2109375,0.133333333333333,"male"
"BAC009S0904W0128.wav",0.155359665521311,0.072746317720862,0.170276816608997,0.106332179930796,0.202491349480969,0.096159169550173,2.30774717763363,10.3054947826708,0.930476455232437,0.533649551272359,0.0140484429065744,0.155359665521311,0.120333674633458,0.0179171332586786,0.271186440677966,0.14208984375,0,0.4453125,0.4453125,0.185625353706848,"male"
"BAC009S0904W0129.wav",0.154845385884807,0.0797444650958505,0.138082191780822,0.112511415525114,0.228858447488584,0.11634703196347,2.92660821237149,14.5107384223543,0.917924003220185,0.49094919544689,0.118264840182648,0.154845385884807,0.112757675889807,0.0161290322580645,0.231884057971014,0.180803571428571,0,0.65625,0.65625,0.246867167919799,"male"
"BAC009S0904W0130.wav",0.163811200780303,0.0741303380428279,0.177072625698324,0.113564245810056,0.221184357541899,0.107620111731844,1.74347168622909,6.67732371347661,0.932559910833695,0.54284954621895,0.278748603351955,0.163811200780303,0.10550985600088,0.0178372352285396,0.271186440677966,0.226207386363636,0.015625,0.5390625,0.5234375,0.212508884150675,"male"
"BAC009S0905W0121.wav",0.156971107461885,0.0801686990105885,0.147924528301887,0.115114200595829,0.234399205561072,0.119285004965243,2.91180850322134,14.7021296347839,0.929279879764955,0.574369457526781,0.120119165839126,0.156971107461885,0.12456100569704,0.0180790960451977,0.25,0.181790865384615,0,0.53125,0.53125,0.253676470588235,"male"
"BAC009S0905W0122.wav",0.164518277291663,0.0829622201107385,0.146712995135511,0.118693537178596,0.244002779708131,0.125309242529534,3.75847101884351,22.6896904577019,0.903195472108045,0.438882091287583,0.118888116747741,0.164518277291663,0.109260239908943,0.0156862745098039,0.271186440677966,0.155016447368421,0,0.5,0.5,0.116071428571429,"male"
"BAC009S0905W0123.wav",0.165760156460077,0.0850707675602177,0.147008760951189,0.11476846057572,0.252140175219024,0.137371714643304,3.10555410657774,15.2018921636715,0.915413273124038,0.502332735310512,0.279649561952441,0.165760156460077,0.12137158887389,0.0157635467980296,0.253968253968254,0.200320512820513,0,0.6015625,0.6015625,0.246402246402246,"male"
"BAC009S0905W0124.wav",0.171530174245169,0.0833543526444072,0.160135135135135,0.118513513513514,0.250540540540541,0.132027027027027,3.36277004354105,18.3112722351376,0.907667764916359,0.433910353578731,0.279459459459459,0.171530174245169,0.113932604244296,0.0167539267015707,0.266666666666667,0.199857954545455,0,0.609375,0.609375,0.229344729344729,"male"
"BAC009S0905W0125.wav",0.17131713063612,0.0844701030076567,0.151425287356322,0.121172413793103,0.254413793103448,0.133241379310345,4.11709502751784,30.0099084382989,0.899619610629494,0.428721906211903,0.279195402298851,0.17131713063612,0.119141983318328,0.0157170923379175,0.275862068965517,0.240525265957447,0,2.0234375,2.0234375,0.0550836550836551,"male"
"BAC009S0905W0126.wav",0.180482837925495,0.0872172881337126,0.179019751280176,0.118800292611558,0.274264813460132,0.155464520848574,6.05382036602785,49.2507265102041,0.872630398663496,0.406565043284509,0.28,0.180482837925495,0.122380451176429,0.0159521435692921,0.258064516129032,0.22412109375,0,0.609375,0.609375,0.248717948717949,"male"
"BAC009S0905W0127.wav",0.165227929703916,0.0778847836915637,0.150787468247248,0.117595258255715,0.234716342082981,0.117121083827265,2.22428334102139,8.55197807555307,0.915555639618714,0.481527829743054,0.120440304826418,0.165227929703916,0.107980527379019,0.0166840458811262,0.161616161616162,0.235721982758621,0,0.609375,0.609375,0.308608058608059,"male"
"BAC009S0905W0128.wav",0.163070482688036,0.0804167978280657,0.145650224215247,0.118654708520179,0.245470852017937,0.126816143497758,3.34265190579198,19.0541968575936,0.907481040188987,0.451925107625232,0.279162929745889,0.163070482688036,0.121361258457249,0.0180790960451977,0.275862068965517,0.238399621212121,0,0.5234375,0.5234375,0.258706467661692,"male"
"BAC009S0905W0129.wav",0.143328249185385,0.0847588350612237,0.143994927076728,0.102625237793278,0.220519974635384,0.117894736842105,3.5653746535945,22.2289615652699,0.913438287268987,0.479239229522414,0.0145592897907419,0.143328249185385,0.115501053464779,0.0157790927021696,0.258064516129032,0.189808238636364,0.0078125,0.65625,0.6484375,0.203418324460633,"male"
"BAC009S0905W0130.wav",0.151109529846221,0.0889688900109415,0.143638613861386,0.111757425742574,0.23720297029703,0.125445544554455,4.47761195825626,32.1922774922297,0.896609695434213,0.41906019872548,0.279826732673267,0.151109529846221,0.113585836002363,0.0162767039674466,0.266666666666667,0.141666666666667,0,0.4296875,0.4296875,0.259090909090909,"male"
"BAC009S0906W0121.wav",0.162705894698259,0.0749521931208492,0.186181398035817,0.110641247833622,0.22581166955517,0.115170421721548,2.46862107183116,11.1199227180629,0.929057861459616,0.50926465401881,0.19103408434431,0.162705894698259,0.0978376465157052,0.0166666666666667,0.246153846153846,0.157579787234043,0,0.421875,0.421875,0.238683127572016,"male"
"BAC009S0906W0122.wav",0.168538144677103,0.0725465105338075,0.191014975041597,0.115773710482529,0.232013311148086,0.116239600665557,2.63682838169127,13.4892734697319,0.912134795666933,0.438580517520887,0.119034941763727,0.168538144677103,0.111946965503546,0.0170940170940171,0.275862068965517,0.236607142857143,0,0.609375,0.609375,0.218461538461538,"male"
"BAC009S0906W0123.wav",0.161552312345349,0.0752186941508977,0.184591439688716,0.113929961089494,0.231750972762646,0.117821011673152,2.31372966002124,10.650739890652,0.919018672958141,0.440761227422661,0.119533073929961,0.161552312345349,0.101781982421902,0.0168598524762908,0.242424242424242,0.194463315217391,0,1.15625,1.15625,0.129792583280955,"male"
"BAC009S0906W0124.wav",0.163327019410959,0.0732753547899703,0.180461861441568,0.11442967109867,0.22925122463261,0.11482155353394,2.64903903586816,12.2360277357118,0.911207832158705,0.445326518915934,0.118544436668999,0.163327019410959,0.118003670670104,0.0161127895266868,0.238805970149254,0.24313446969697,0,1.28125,1.28125,0.154471544715447,"male"
"BAC009S0906W0125.wav",0.166522192789294,0.0765656445175163,0.179434447300771,0.115372750642674,0.231568123393316,0.116195372750643,2.90990172327931,13.8576305348291,0.920511829126122,0.452684446936932,0.116503856041131,0.166522192789294,0.103030768026051,0.015888778550149,0.275862068965517,0.433527542372881,0,6.0234375,6.0234375,0.10205601191334,"male"
"BAC009S0906W0126.wav",0.170515516381546,0.074549641184799,0.18914,0.11718,0.23436,0.11718,2.03697243369103,7.62424689966131,0.912443299474947,0.393838591342259,0.11886,0.170515516381546,0.0977636151485769,0.0168421052631579,0.271186440677966,0.225423177083333,0,1.65625,1.65625,0.107337526205451,"male"
"BAC009S0906W0127.wav",0.152692551454882,0.078893525808375,0.137411516111992,0.106941362916006,0.227490755414686,0.120549392498679,3.07530105552077,17.0756713688003,0.927603272008105,0.508899946594873,0.118330692023244,0.152692551454882,0.110611882059523,0.0164271047227926,0.275862068965517,0.1953125,0,1.046875,1.046875,0.144456289978678,"male"
"BAC009S0906W0128.wav",0.15658402596096,0.0744447936539255,0.14504854368932,0.114368932038835,0.229126213592233,0.114757281553398,4.33235428467233,30.0164674545934,0.896380116976082,0.415676363205196,0.118640776699029,0.15658402596096,0.118306679895129,0.0173913043478261,0.275862068965517,0.3359375,0,5.8046875,5.8046875,0.0845731330253538,"male"
"BAC009S0906W0129.wav",0.166480636812148,0.073178447571368,0.190762589928058,0.113208633093525,0.227021582733813,0.113812949640288,1.94393983554545,7.1753483878874,0.924669091096185,0.472135745140663,0.118647482014388,0.166480636812148,0.103782353623559,0.0157790927021696,0.275862068965517,0.373263888888889,0,6.1171875,6.1171875,0.0773044850123958,"male"
"BAC009S0906W0130.wav",0.180213403232419,0.0744471445989407,0.196279558591697,0.119033105622701,0.247777193904362,0.128744088281661,3.16927828277288,17.9590504900925,0.914713434059947,0.419380904942215,0.119180241723594,0.180213403232419,0.112138496243696,0.0192539109506619,0.258064516129032,0.351744186046512,0,6.6015625,6.6015625,0.0165983917463207,"male"
"BAC009S0907W0121.wav",0.179142084467268,0.0460162506258953,0.18660440293529,0.172408272181454,0.194636424282855,0.022228152101401,3.84515567173676,19.3505389107756,0.852537357118487,0.304299627617188,0.188098732488326,0.179142084467268,0.142326626871555,0.0178970917225951,0.205128205128205,0.3203125,0.1171875,1.2109375,1.09375,0.192118226600985,"male"
"BAC009S0907W0122.wav",0.174437342351994,0.045006285943372,0.179182729375482,0.166229760986893,0.18976098689283,0.0235312259059368,5.00000291072319,36.3057997968146,0.857544593711003,0.337998954843908,0.178750963762529,0.174437342351994,0.142903594158127,0.0227596017069701,0.238805970149254,0.286368534482759,0,1.546875,1.546875,0.144300144300144,"male"
"BAC009S0907W0123.wav",0.182669640097945,0.0490488618435397,0.187802281368821,0.168638783269962,0.21654752851711,0.0479087452471483,3.21430147258994,15.604481502456,0.886306134806864,0.367943730962225,0.188015209125475,0.182669640097945,0.147627683597524,0.0225669957686883,0.231884057971014,0.290457589285714,0.03125,2.4296875,2.3984375,0.107617138561764,"male"
"BAC009S0907W0124.wav",0.176065353427351,0.0446828765363082,0.181953311100524,0.169814197236779,0.19435921867556,0.0245450214387804,4.1137688748704,24.3066611620634,0.86693352458943,0.317953337623611,0.177951405431158,0.176065353427351,0.151343638239217,0.0158730158730159,0.275862068965517,0.296693313953488,0,2.3046875,2.3046875,0.103433289873968,"male"
"BAC009S0907W0125.wav",0.168224265344458,0.0497030842338461,0.177656595431098,0.162387619749447,0.189417833456153,0.027030213706706,4.189633724996,23.8946540209677,0.857880972911087,0.350966437604566,0.176212232866618,0.168224265344458,0.154936330804003,0.0170940170940171,0.205128205128205,0.323275862068966,0.1171875,2.375,2.2578125,0.0890683070613866,"male"
"BAC009S0907W0126.wav",0.171786641907018,0.0474452335536325,0.186120058565154,0.167672035139092,0.193499267935578,0.0258272327964861,4.38445383233652,26.608083157614,0.84278233434292,0.310843886913277,0.189809663250366,0.171786641907018,0.14263815625652,0.0161943319838057,0.262295081967213,0.263521634615385,0,0.7734375,0.7734375,0.235690235690236,"male"
"BAC009S0907W0127.wav",0.173820633922961,0.0488735756694701,0.179506849315068,0.159561643835616,0.191013698630137,0.0314520547945206,4.14239596301711,23.860556770341,0.858974484285249,0.329578906595588,0.177461187214612,0.173820633922961,0.159870342497965,0.0252764612954186,0.262295081967213,0.308238636363636,0.1171875,0.859375,0.7421875,0.253157894736842,"male"
"BAC009S0907W0128.wav",0.178365434389644,0.0467169446360197,0.180669014084507,0.168591549295775,0.191760563380282,0.023169014084507,4.52730877531189,29.5989366189677,0.852317276100726,0.303840369245545,0.178450704225352,0.178365434389644,0.164282070477304,0.0318725099601594,0.242424242424242,0.244791666666667,0.0546875,0.6015625,0.546875,0.230434782608696,"male"
"BAC009S0907W0129.wav",0.187126397423266,0.0421285732236319,0.189055118110236,0.176653543307087,0.202834645669291,0.0261811023622047,3.53825153736796,17.9863364710908,0.855324124133102,0.291438008308368,0.191259842519685,0.187126397423266,0.159708405227597,0.0258064516129032,0.235294117647059,0.245907738095238,0.046875,0.4375,0.390625,0.273,"male"
"BAC009S0907W0130.wav",0.177302279196445,0.0535846124730399,0.178570437196391,0.146703678001388,0.200916030534351,0.0542123525329632,2.63522238090504,11.763609499275,0.906220361835774,0.429672232076766,0.177793199167245,0.177302279196445,0.151940701173558,0.0184119677790564,0.275862068965517,0.328881048387097,0.1171875,2.5859375,2.46875,0.0759493670886076,"male"
"BAC009S0908W0121.wav",0.163908577578879,0.0739247866284746,0.176372865712967,0.113705583756345,0.234905399169359,0.121199815413013,2.55940258380417,12.4797633946733,0.937329169757184,0.536812656400121,0.118874019381634,0.163908577578879,0.115188845050952,0.0164948453608247,0.275862068965517,0.435746173469388,0,5.5390625,5.5390625,0.068860680144178,"male"
"BAC009S0908W0122.wav",0.156932920643199,0.0701947744748204,0.137855579868709,0.113347921225383,0.224653537563822,0.111305616338439,4.20158415078514,27.7585424532626,0.906115225258805,0.45326226088518,0.119883296863603,0.156932920643199,0.107150760006941,0.0159521435692921,0.266666666666667,0.176159274193548,0,0.46875,0.46875,0.331547619047619,"male"
"BAC009S0908W0123.wav",0.157212696099258,0.0696589288470784,0.171877496671105,0.108868175765646,0.22034620505992,0.111478029294274,2.75887009458973,16.4587200430635,0.93533027695873,0.510943110122751,0.118934753661784,0.157212696099258,0.104494164936985,0.016580310880829,0.262295081967213,0.281716417910448,0,6.4921875,6.4921875,0.0354707466620824,"male"
"BAC009S0908W0124.wav",0.157790547458661,0.069937830464938,0.147890499194847,0.111368760064412,0.210112721417069,0.098743961352657,1.50318430955994,6.8673503641149,0.9329955520718,0.526878455647561,0.119033816425121,0.157790547458661,0.0905199560695681,0.0168776371308017,0.271186440677966,0.171875,0.015625,0.421875,0.40625,0.284615384615385,"male"
"BAC009S0908W0125.wav",0.159158226453942,0.0680302577991196,0.177655172413793,0.110551724137931,0.214827586206897,0.104275862068966,3.0380196687368,17.833385906047,0.917104201824209,0.454824177484048,0.118758620689655,0.159158226453942,0.089491156302432,0.0156402737047898,0.246153846153846,0.154737903225806,0,0.5234375,0.5234375,0.229541945445188,"male"
"BAC009S0908W0126.wav",0.155028912519307,0.0717453295329035,0.13765625,0.11125,0.22265625,0.11140625,4.21209756338858,32.443179108933,0.912251958172179,0.444129495453926,0.118125,0.155028912519307,0.102387463372162,0.0157170923379175,0.246153846153846,0.164583333333333,0.015625,0.609375,0.59375,0.212056303549572,"male"
"BAC009S0908W0127.wav",0.156039309283919,0.0676216778545148,0.156065573770492,0.112714025500911,0.219562841530055,0.106848816029144,5.81678395373051,56.9939524330181,0.89793233057628,0.423185093764006,0.119089253187614,0.156039309283919,0.101247533048346,0.0220082530949106,0.275862068965517,0.186899038461538,0,0.5234375,0.5234375,0.271044776119403,"male"
"BAC009S0908W0128.wav",0.164690518941901,0.0687351683589647,0.186494146642021,0.11524337646334,0.227036352433765,0.111792975970425,3.01157901013917,16.7896838917347,0.914343836738942,0.433963234498468,0.117141096734442,0.164690518941901,0.0986470455165417,0.0157635467980296,0.258064516129032,0.201349431818182,0,2.5234375,2.5234375,0.0736554107567139,"male"
"BAC009S0908W0129.wav",0.166569903765617,0.0690835042031663,0.181122615803815,0.116577656675749,0.230866485013624,0.114288828337875,5.34017468579093,48.2914874673636,0.903447090480709,0.419794019927212,0.119171662125341,0.166569903765617,0.0981319996727367,0.0167014613778706,0.25,0.149375,0,0.484375,0.484375,0.22053982883476,"male"
"BAC009S0908W0130.wav",0.15829092844752,0.070305888150646,0.169463548830812,0.114516276937185,0.226336542870243,0.111820265933058,4.71954380215078,37.2144957891876,0.904390988302112,0.420261734506475,0.118752865657955,0.15829092844752,0.106379058922707,0.0167890870933893,0.271186440677966,0.121901939655172,0.0078125,0.453125,0.4453125,0.18796992481203,"male"
"BAC009S0912W0121.wav",0.190552524186187,0.0673541826521235,0.191127141568981,0.134824165915239,0.248692515779982,0.113868349864743,2.40360695531815,10.9810381662974,0.888749680985556,0.312582448612133,0.11917042380523,0.190552524186187,0.127441589723157,0.04,0.179775280898876,0.307404891304348,0.1171875,1.09375,0.9765625,0.213454545454545,"male"
"BAC009S0912W0122.wav",0.182649758773056,0.0632396485320887,0.175019241341396,0.143463441451347,0.233051126992853,0.0895876855415063,2.33101051221865,9.47692469326866,0.906583131664871,0.371826158818647,0.279692138537658,0.182649758773056,0.126333004239124,0.0159521435692921,0.262295081967213,0.292696220930233,0,0.671875,0.671875,0.219545957918051,"male"
"BAC009S0912W0123.wav",0.188886881027726,0.0671509162306408,0.182538461538462,0.136230769230769,0.249846153846154,0.113615384615385,2.34221774425247,9.61970642638185,0.90252646133087,0.361161459042222,0.28,0.188886881027726,0.120077359853564,0.0164102564102564,0.195121951219512,0.471651785714286,0.1171875,6.6171875,6.5,0.073608682983683,"male"
"BAC009S0912W0124.wav",0.183195517060849,0.0690552041858303,0.17766974015088,0.131198658843252,0.247376362112322,0.11617770326907,2.57448696731317,12.4160222812379,0.909484124971102,0.409581567230044,0.27929589270746,0.183195517060849,0.134026541959276,0.0164439876670093,0.262295081967213,0.377604166666667,0.0546875,2.078125,2.0234375,0.128185328185328,"male"
"BAC009S0912W0125.wav",0.193186127745708,0.0701828881365118,0.193041622198506,0.136563500533618,0.255496264674493,0.118932764140875,4.43387159846778,37.4347186105944,0.88754337762374,0.36607886327446,0.27940234791889,0.193186127745708,0.131989217604507,0.0336842105263158,0.166666666666667,0.316611842105263,0.1875,0.609375,0.421875,0.218106995884774,"male"
"BAC009S0912W0126.wav",0.182866028268479,0.0706871316238109,0.191210986267166,0.126367041198502,0.241373283395755,0.115006242197253,2.2193266124204,8.89967876271893,0.90678885332795,0.398626678534145,0.118676654182272,0.182866028268479,0.124010493402575,0.0187134502923977,0.205128205128205,0.351089015151515,0.1171875,0.7109375,0.59375,0.31918505942275,"male"
"BAC009S0912W0127.wav",0.194748867488734,0.0702535364052545,0.21544235924933,0.13887399463807,0.25697944593387,0.1181054512958,3.45432010616152,19.9303995873941,0.874948587289163,0.312738510847975,0.277998212689902,0.194748867488734,0.13653116140521,0.0170757737459979,0.228571428571429,0.35054347826087,0,1.2890625,1.2890625,0.166391184573003,"male"
"BAC009S0912W0128.wav",0.186202297683538,0.0777545592413058,0.177960954446855,0.135647143890094,0.269674620390456,0.134027476500362,4.22353201480191,27.6607409252137,0.893663541675062,0.398022910193215,0.279595083152567,0.186202297683538,0.129903180078315,0.0193003618817853,0.222222222222222,0.35703125,0.125,1.265625,1.140625,0.137222484648087,"male"
"BAC009S0912W0129.wav",0.185697042543826,0.0741653052558958,0.176454293628809,0.139030470914127,0.252465373961219,0.113434903047091,4.44579258875454,34.2242908326139,0.89237890116613,0.385868281821467,0.279418282548476,0.185697042543826,0.134032778568103,0.0173913043478261,0.271186440677966,0.319808467741935,0.1171875,0.6484375,0.53125,0.292089249492901,"male"
"BAC009S0912W0130.wav",0.135211436426531,0.0929995257186118,0.131108343711083,0.0397509339975093,0.231183063511831,0.191432129514321,4.21688968698443,24.3040487172607,0.876693007982201,0.384308679844724,0.0380074719800747,0.135211436426531,0.136667546657693,0.0181200453001133,0.163265306122449,0.286458333333333,0.0390625,0.609375,0.5703125,0.268101761252446,"male"
"BAC009S0913W0121.wav",0.186497271591664,0.07774901439824,0.190689655172414,0.119946949602122,0.266074270557029,0.146127320954907,3.46712626980518,19.0525486207385,0.905973511063503,0.449776674715973,0.278514588859416,0.186497271591664,0.110718879485548,0.0158102766798419,0.242424242424242,0.281883445945946,0,1.375,1.375,0.12775974025974,"male"
"BAC009S0913W0122.wav",0.172075205142977,0.076900997282988,0.178565400843882,0.116118143459916,0.242869198312236,0.126751054852321,3.23448171859076,18.3080284767443,0.923060787220458,0.501417843275506,0.117637130801688,0.172075205142977,0.100250923017738,0.0159362549800797,0.253968253968254,0.223046875,0.09375,0.4765625,0.3828125,0.246991104133961,"male"
"BAC009S0913W0123.wav",0.165872987850165,0.0754003276948779,0.148622222222222,0.112355555555556,0.235022222222222,0.122666666666667,2.9823977419071,19.1645423817566,0.929155245608997,0.495889047820415,0.1184,0.165872987850165,0.106917629260918,0.0164271047227926,0.271186440677966,0.265424679487179,0,1.6015625,1.6015625,0.120237310481213,"male"
"BAC009S0913W0124.wav",0.171099746693223,0.0768958533471024,0.148516746411483,0.115789473684211,0.246124401913876,0.130334928229665,2.86316263277534,13.8473617182755,0.92277739744843,0.504598444210601,0.275598086124402,0.171099746693223,0.105048116905815,0.019559902200489,0.158415841584158,0.281960227272727,0.015625,1.6015625,1.5859375,0.155326354679803,"male"
"BAC009S0913W0125.wav",0.175313346698686,0.0783898673211749,0.179746835443038,0.116793248945148,0.254683544303797,0.13789029535865,2.58471117977286,11.2959551112991,0.928269243626427,0.533832501476437,0.130632911392405,0.175313346698686,0.0978043998241332,0.0167890870933893,0.266666666666667,0.222284226190476,0.015625,0.5234375,0.5078125,0.303076923076923,"male"
"BAC009S0913W0126.wav",0.164274338900408,0.0752760477703527,0.172842686292548,0.109990800367985,0.232345906163753,0.122355105795768,2.30985352395876,11.4947087599474,0.946480896240745,0.596937558792914,0.118620055197792,0.164274338900408,0.101466185865113,0.015732546705998,0.262295081967213,0.232060185185185,0,0.609375,0.609375,0.263425253991292,"male"
"BAC009S0913W0127.wav",0.163611613320055,0.0761189828379351,0.176434699714013,0.110638703527169,0.230486177311725,0.119847473784557,2.34559412605394,11.1904890950821,0.941700770117744,0.572901231064649,0.118779790276454,0.163611613320055,0.106027719425375,0.0161290322580645,0.262295081967213,0.226351351351351,0,1.265625,1.265625,0.132171387073348,"male"
"BAC009S0913W0128.wav",0.166843692376746,0.0746156118190669,0.159219512195122,0.11609756097561,0.235121951219512,0.119024390243902,2.19798869432606,9.83762191175409,0.941623161110981,0.586983990940671,0.28,0.166843692376746,0.10076558139218,0.0175438596491228,0.262295081967213,0.235131048387097,0.015625,0.453125,0.4375,0.320197044334975,"male"
"BAC009S0913W0129.wav",0.176394033575615,0.0770187898703839,0.176739319965126,0.118639930252833,0.250462074978204,0.131822144725371,3.68781391438409,24.5152873193712,0.931330624666409,0.574853581911088,0.28,0.176394033575615,0.104093968313612,0.0165118679050568,0.235294117647059,0.5696875,0.125,6.5,6.375,0.0890522875816993,"male"
"BAC009S0913W0130.wav",0.160763305188585,0.0728445844102833,0.147420494699647,0.112593639575972,0.224395759717314,0.111802120141343,2.08754647479378,8.46622528261633,0.943705241236467,0.605111382142519,0.116551236749117,0.160763305188585,0.100305827503193,0.016597510373444,0.275862068965517,0.204427083333333,0,0.609375,0.609375,0.323232323232323,"male"
"BAC009S0914W0121.wav",0.155495469672797,0.0690533406222156,0.158897637795276,0.11007874015748,0.222047244094488,0.111968503937008,2.4135210073407,10.2136917059226,0.934502695739655,0.548117979630724,0.111653543307087,0.155495469672797,0.0932023449219487,0.0156402737047898,0.246153846153846,0.170572916666667,0,0.5625,0.5625,0.208333333333333,"male"
"BAC009S0914W0122.wav",0.154504575048864,0.0709486690222485,0.145751351351351,0.104583783783784,0.22067027027027,0.116086486486487,1.68370215007958,7.00339888141252,0.948939207858353,0.602056067773479,0.118962162162162,0.154504575048864,0.0860541773438568,0.0164948453608247,0.262295081967213,0.197088068181818,0,0.609375,0.609375,0.207942464040025,"male"
"BAC009S0914W0123.wav",0.157691335251969,0.069910805501187,0.162180579216354,0.109074389551391,0.223554798409994,0.114480408858603,2.16248765271277,8.58001908796758,0.937355031041705,0.5571722334893,0.226416808631459,0.157691335251969,0.102605599998654,0.0170575692963753,0.266666666666667,0.167578125,0,0.40625,0.40625,0.245841995841996,"male"
"BAC009S0914W0124.wav",0.155167297689937,0.0725039049338962,0.145388845247447,0.106677140612726,0.223802042419482,0.117124901806756,1.98522233008,7.14048564511572,0.935399567611017,0.529742399263159,0.187289866457188,0.155167297689937,0.0947948901202035,0.0156402737047898,0.266666666666667,0.151494565217391,0.015625,0.4296875,0.4140625,0.248427672955975,"male"
"BAC009S0914W0125.wav",0.161226180331754,0.0719552757050291,0.160556414219475,0.111653786707883,0.228645028335909,0.116991241628027,1.64884698263732,6.58058739936458,0.950642136528151,0.600348371031759,0.246821226172076,0.161226180331754,0.0967531800295132,0.0157016683022571,0.253968253968254,0.144353693181818,0,0.5234375,0.5234375,0.161117489475698,"male"
"BAC009S0914W0126.wav",0.156585617647237,0.0730988083621224,0.169517615176152,0.104563685636856,0.222482384823848,0.117918699186992,2.23403887006275,10.0418377992773,0.934129079784968,0.530148271674741,0.118222222222222,0.156585617647237,0.0842243051305003,0.015748031496063,0.253968253968254,0.1565625,0.015625,0.4453125,0.4296875,0.281818181818182,"male"
"BAC009S0914W0127.wav",0.163233497648762,0.0692417937726076,0.180059612518629,0.11016393442623,0.222414307004471,0.112250372578241,3.20629496053414,18.7413930341534,0.919727680092661,0.492517514154593,0.188405365126677,0.163233497648762,0.0918780601471473,0.0157016683022571,0.262295081967213,0.154947916666667,0.015625,0.484375,0.46875,0.262745098039216,"male"
"BAC009S0914W0128.wav",0.161288288081252,0.0696757482596304,0.174064516129032,0.112258064516129,0.226064516129032,0.113806451612903,2.68782365053165,13.1995469813087,0.930248030485347,0.517892201727182,0.188258064516129,0.161288288081252,0.10065036968569,0.0159362549800797,0.275862068965517,0.171610169491525,0,0.4296875,0.4296875,0.179585326953748,"male"
"BAC009S0914W0129.wav",0.157681963894745,0.0723885777014003,0.167358166189112,0.104458452722063,0.222716332378224,0.11825787965616,1.69039228853636,6.61173678736623,0.940847471643029,0.541715657458036,0.118578796561605,0.157681963894745,0.0971350073092958,0.0158572844400396,0.258064516129032,0.216145833333333,0,0.5,0.5,0.266071428571429,"male"
"BAC009S0914W0130.wav",0.162832643753767,0.0690087660903786,0.170789473684211,0.117236842105263,0.225526315789474,0.108289473684211,2.55717053693622,13.9962735884665,0.936528353355076,0.529602188874042,0.118421052631579,0.162832643753767,0.106046931552662,0.0168954593453009,0.275862068965517,0.243465909090909,0,4,4,0.0474384014423077,"male"
"BAC009S0915W0121.wav",0.173622704939714,0.069533347898117,0.170673194614443,0.122007343941248,0.235789473684211,0.113782129742962,2.09373250157362,8.75993809697828,0.922987513249243,0.490984423014751,0.279314565483476,0.173622704939714,0.114103432486553,0.0416666666666667,0.161616161616162,0.39892578125,0.1171875,0.8046875,0.6875,0.447727272727273,"male"
"BAC009S0915W0122.wav",0.168154893634852,0.0766707769740244,0.154076782449726,0.118927483241926,0.239390615478367,0.120463132236441,2.66392751855893,13.2438639271509,0.930890618033967,0.521718525054281,0.279829372333943,0.168154893634852,0.118205955836588,0.0168067226890756,0.253968253968254,0.400824652777778,0,5.484375,5.484375,0.0878163231104408,"male"
"BAC009S0915W0123.wav",0.173194162192962,0.0738592226138935,0.153585291113381,0.129560776302349,0.245965270684372,0.116404494382022,2.57162024015925,13.0566334492863,0.914122637997732,0.438746316162537,0.279427987742594,0.173194162192962,0.124086372969856,0.026890756302521,0.166666666666667,0.421052631578947,0.1171875,1.125,1.0078125,0.29328165374677,"male"
"BAC009S0915W0124.wav",0.179722130481561,0.0735781623008277,0.168493150684931,0.131780821917808,0.25013698630137,0.118356164383562,2.51566531661294,11.0230773340134,0.911982466555946,0.462619698721953,0.279452054794521,0.179722130481561,0.129088732889411,0.0191846522781775,0.242424242424242,0.335546875,0.1171875,0.78125,0.6640625,0.242105263157895,"male"
"BAC009S0915W0125.wav",0.182706876752212,0.073459791317057,0.173100436681223,0.13117903930131,0.256244541484716,0.125065502183406,3.02193532171251,15.9396721375248,0.917245522337688,0.479255573011545,0.28,0.182706876752212,0.120365384274759,0.016580310880829,0.213333333333333,0.508246527777778,0,2.96875,2.96875,0.173365231259968,"male"
"BAC009S0915W0126.wav",0.181038486148263,0.0711924638231896,0.183743627093955,0.126438455935907,0.249002184996358,0.122563729060452,2.48772748053318,11.7610034461693,0.926170862430142,0.492789245474408,0.130313182811362,0.181038486148263,0.111047318312057,0.0172413793103448,0.173913043478261,0.412109375,0.1171875,0.7421875,0.625,0.2455,"male"
"BAC009S0915W0127.wav",0.176307730649887,0.0708927016301586,0.168446215139442,0.129774236387782,0.243187250996016,0.113413014608234,2.49285957667131,12.10115336877,0.929330170183486,0.518760344827023,0.277768924302789,0.176307730649887,0.111636138351818,0.0166320166320166,0.222222222222222,0.515877016129032,0.1171875,3.3125,3.1953125,0.0926566056824888,"male"
"BAC009S0915W0128.wav",0.167171928090814,0.0702112213376533,0.149370078740157,0.119606299212598,0.234251968503937,0.114645669291339,3.20264745113676,19.3587413997894,0.912348970603849,0.463474460763875,0.119606299212598,0.167171928090814,0.126724692556366,0.0168598524762908,0.246153846153846,0.3828125,0,1.21875,1.21875,0.297924297924298,"male"
"BAC009S0915W0129.wav",0.168728019016303,0.0693359452654969,0.159041578576462,0.131021846370684,0.22553911205074,0.0945172656800564,2.78873191409695,13.5254881687311,0.924229627128728,0.50878254193525,0.279210711768851,0.168728019016303,0.12355752912516,0.0208333333333333,0.25,0.366887019230769,0.09375,1.4921875,1.3984375,0.200418994413408,"male"
"BAC009S0915W0130.wav",0.178986035393679,0.0701771374421793,0.162842105263158,0.130421052631579,0.249298245614035,0.118877192982456,3.47493968995684,23.2952462381397,0.906363957424945,0.43703703732181,0.28,0.178986035393679,0.122077248061932,0.0163432073544433,0.152380952380952,0.382161458333333,0.125,1.0703125,0.9453125,0.273805246137262,"male"
"BAC009S0916W0121.wav",0.171490611448286,0.0706933062062761,0.177315175097276,0.119027237354086,0.227704280155642,0.108677042801556,2.12870503359659,8.73679927930927,0.930345978329298,0.531748245019751,0.17568093385214,0.171490611448286,0.102016616059028,0.0162767039674466,0.275862068965517,0.175502232142857,0,0.7734375,0.7734375,0.171343060231949,"male"
"BAC009S0916W0122.wav",0.16646115103079,0.0775958494609761,0.175836177474403,0.115631399317406,0.230307167235495,0.114675767918089,1.76735706462085,7.0721031161479,0.937765040185405,0.552073596243585,0.0148122866894198,0.16646115103079,0.101556436009412,0.0159362549800797,0.170212765957447,0.2203125,0.015625,0.75,0.734375,0.201367781155015,"male"
"BAC009S0916W0123.wav",0.167614957492969,0.0709478945818261,0.176056338028169,0.11830985915493,0.224788732394366,0.106478873239437,1.61031306446153,6.25133590191931,0.939914262708896,0.559320185579997,0.117464788732394,0.167614957492969,0.109218428246882,0.0171673819742489,0.246153846153846,0.2109375,0,0.796875,0.796875,0.210144927536232,"male"
"BAC009S0916W0124.wav",0.171410180318165,0.0749057691242469,0.178880976602238,0.118779247202441,0.231576805696846,0.112797558494405,1.82283026043401,7.12851801751209,0.939986094407284,0.585321408315073,0.0145269582909461,0.171410180318165,0.113901174074588,0.015748031496063,0.253968253968254,0.258522727272727,0.015625,0.5078125,0.4921875,0.238095238095238,"male"
"BAC009S0916W0125.wav",0.165461978314646,0.0702041243554012,0.171470230862697,0.120097205346294,0.222843256379101,0.102746051032807,3.03163047674936,14.8112145836581,0.918487935694473,0.515575731971752,0.169428918590522,0.165461978314646,0.106911702865018,0.0169312169312169,0.172043010752688,0.217516447368421,0.015625,1.1328125,1.1171875,0.183372183372183,"male"
"BAC009S0916W0126.wav",0.17251013191844,0.0712745831814299,0.176916835699797,0.121257606490872,0.232576064908722,0.11131845841785,1.90097504608066,7.40456706917068,0.929290507616481,0.525859582206187,0.119553752535497,0.17251013191844,0.118930163276549,0.0184971098265896,0.271186440677966,0.26953125,0.0078125,0.546875,0.5390625,0.262939958592132,"male"
"BAC009S0916W0127.wav",0.170598497026877,0.0793057533627725,0.168800880088009,0.121056105610561,0.246424642464246,0.125368536853685,2.44841795598562,11.9476056025838,0.931635505397875,0.556652521546247,0.279075907590759,0.170598497026877,0.112467760120249,0.0166840458811262,0.271186440677966,0.235440340909091,0,0.6015625,0.6015625,0.231032125768968,"male"
"BAC009S0916W0128.wav",0.175284661398725,0.0780638034264702,0.176828110161444,0.121785375118708,0.245166191832859,0.12338081671415,2.51319558416276,13.6377192407766,0.92533470231459,0.501836318144912,0.28,0.175284661398725,0.125796705763429,0.0208604954367666,0.258064516129032,0.2665625,0,0.546875,0.546875,0.214880952380952,"male"
"BAC009S0916W0129.wav",0.172845009857639,0.0680972744414802,0.178855384615385,0.135950769230769,0.226756923076923,0.0908061538461538,2.25808029522967,9.2713305756477,0.919910562988346,0.455337571144552,0.1792,0.172845009857639,0.115208861944638,0.0156555772994129,0.262295081967213,0.239955357142857,0.015625,1.3046875,1.2890625,0.117424242424242,"male"
"BAC009S0916W0130.wav",0.179851285860274,0.0774933769544616,0.186666666666667,0.120728100113766,0.247508532423208,0.126780432309443,2.35482923630638,10.9199879197097,0.925858712781054,0.520000480187729,0.27872582480091,0.179851285860274,0.101185363567492,0.0161616161616162,0.262295081967213,0.2431640625,0,0.53125,0.53125,0.263427109974425,"male"
"BAC009S0764W0121.wav",0.184941473835294,0.0841972897065463,0.227857142857143,0.172857142857143,0.240238095238095,0.0673809523809523,3.71201758097352,20.3291992973297,0.879752518395218,0.383500684687906,0.236190476190476,0.184941473835294,0.193389499215497,0.0162932790224033,0.275862068965517,0.29931640625,0,1.046875,1.046875,0.181511795859413,"female"
"BAC009S0764W0122.wav",0.14268238609963,0.095916023414335,0.188774978279757,0.0243266724587315,0.227940920938315,0.203614248479583,6.20380678051627,69.5393367665478,0.886813223074189,0.377508448291062,0.013136403127715,0.14268238609963,0.186915975890743,0.0192539109506619,0.271186440677966,0.211441532258065,0.015625,0.8125,0.796875,0.189542483660131,"female"
"BAC009S0764W0123.wav",0.176419670514474,0.0810281499856586,0.207435210008937,0.143628239499553,0.234709562109026,0.0910813226094728,2.87783031431903,12.7007265060552,0.892316111340955,0.427596204441372,0.237462019660411,0.176419670514474,0.171688672749933,0.0157016683022571,0.262295081967213,0.276713709677419,0.0078125,0.6328125,0.625,0.2025,"female"
"BAC009S0764W0124.wav",0.175078368311468,0.0862379434184152,0.208327645051195,0.114675767918089,0.237569965870307,0.122894197952218,2.55911548317114,11.1028145232149,0.904613501881903,0.438096740419461,0.0131877133105802,0.175078368311468,0.185133424701993,0.0176211453744493,0.275862068965517,0.2498046875,0.0078125,1.921875,1.9140625,0.123704866562009,"female"
"BAC009S0764W0125.wav",0.154030177623677,0.0977933261213225,0.203150912106136,0.0253067993366501,0.237744610281924,0.212437810945274,4.39343506339182,35.0062725003528,0.894851433670229,0.431616224959112,0.013698175787728,0.154030177623677,0.174875596137037,0.0171858216970999,0.275862068965517,0.18063446969697,0,0.8203125,0.8203125,0.210119047619048,"female"
"BAC009S0764W0126.wav",0.14693796125236,0.100705067630724,0.192196118488253,0.0220224719101124,0.239387129724208,0.217364657814096,3.43965668632426,18.3328306702275,0.879812129503271,0.40104611039163,0.0140143003064351,0.14693796125236,0.17145382079729,0.016016016016016,0.266666666666667,0.17650462962963,0,0.671875,0.671875,0.261180679785331,"female"
"BAC009S0764W0127.wav",0.175160313494772,0.0897597387833682,0.224,0.0904096385542169,0.244016064257028,0.153606425702811,3.15063228574099,14.1413708794656,0.898206065309042,0.459373577088698,0.243566265060241,0.175160313494772,0.177774987083107,0.0160320641282565,0.275862068965517,0.260799632352941,0,1.1796875,1.1796875,0.217138270118403,"female"
"BAC009S0764W0128.wav",0.183567704471304,0.0836542573850295,0.224729458917836,0.168056112224449,0.239879759519038,0.0718236472945892,2.82506973997293,12.1263565722729,0.882784325953526,0.394685253699827,0.230060120240481,0.183567704471304,0.171445280807753,0.0157635467980296,0.253968253968254,0.296585648148148,0.0078125,0.609375,0.6015625,0.189310689310689,"female"
"BAC009S0764W0129.wav",0.173439003089242,0.0861735538454683,0.203383084577114,0.09918407960199,0.238766169154229,0.139582089552239,2.61997247650784,10.7608788560131,0.901795703071726,0.460469858474951,0.239601990049751,0.173439003089242,0.174203105835998,0.0195360195360195,0.275862068965517,0.299278846153846,0,0.84375,0.84375,0.277391975308642,"female"
"BAC009S0764W0130.wav",0.185123667544037,0.090455976078348,0.234223433242507,0.143814713896458,0.247193460490463,0.103378746594005,3.76659701512742,19.8677477084379,0.870623926177962,0.350190264206758,0.247193460490463,0.185123667544037,0.181341885947111,0.0163766632548618,0.271186440677966,0.204268292682927,0.0078125,0.6171875,0.609375,0.261217948717949,"female"
"BAC009S0765W0121.wav",0.161435654434058,0.0708002800245397,0.181157407407407,0.167222222222222,0.195416666666667,0.0281944444444444,4.05973286412544,21.5572821088144,0.848416485594455,0.344836760347734,0.189907407407407,0.161435654434058,0.137376483722571,0.0169851380042463,0.258064516129032,0.509114583333333,0,6.734375,6.734375,0.126601432462423,"female"
"BAC009S0765W0122.wav",0.161719412153419,0.0753037656542747,0.184948875255624,0.155173824130879,0.207661895023858,0.0524880708929789,4.6364135576681,34.2710957816109,0.891252358048646,0.426208918343145,0.0131697341513292,0.161719412153419,0.166209530861502,0.0156862745098039,0.275862068965517,0.2349609375,0,0.4609375,0.4609375,0.2290308561495,"female"
"BAC009S0765W0123.wav",0.167628928716779,0.0720224523452495,0.18353196099675,0.150162513542795,0.207497291440953,0.0573347778981582,2.82167249225014,13.4076067221641,0.90298275302338,0.458807676369361,0.013044420368364,0.167628928716779,0.142487222754908,0.0162932790224033,0.253968253968254,0.2525,0.015625,0.484375,0.46875,0.247222222222222,"female"
"BAC009S0765W0124.wav",0.155991644469309,0.0718082623798115,0.179010644959299,0.121327489041954,0.194614902943018,0.0732874139010645,3.69192323966348,18.984427552483,0.906106233000729,0.50505823720018,0.013149655604258,0.155991644469309,0.15505385641996,0.0163265306122449,0.266666666666667,0.180397727272727,0,0.53125,0.53125,0.274281805745554,"female"
"BAC009S0765W0125.wav",0.163609169471137,0.0746731294220759,0.18448343079922,0.148732943469786,0.216686159844055,0.067953216374269,3.88898362968357,24.6202286211465,0.892823117856108,0.441683069792317,0.0133723196881092,0.163609169471137,0.160814451830592,0.0162767039674466,0.246153846153846,0.262620192307692,0,0.8203125,0.8203125,0.26984126984127,"female"
"BAC009S0765W0126.wav",0.162159676330887,0.0707243366762029,0.181010101010101,0.164040404040404,0.198734006734007,0.0346936026936027,4.1585337206192,25.2818685729722,0.88140536683083,0.404497379130664,0.179501683501684,0.162159676330887,0.172359331619835,0.016016016016016,0.266666666666667,0.234565548780488,0,0.53125,0.53125,0.294852941176471,"female"
"BAC009S0765W0127.wav",0.15980725894155,0.0753425329084918,0.184660633484163,0.142217194570136,0.205565610859729,0.0633484162895928,4.23512302032253,29.9957332049713,0.888120381226013,0.449405239795301,0.0123529411764706,0.15980725894155,0.151858714001222,0.0161943319838057,0.253968253968254,0.1787109375,0.0078125,0.484375,0.4765625,0.428367783321454,"female"
"BAC009S0765W0128.wav",0.180050232695755,0.0819827480580979,0.201868263473054,0.147544910179641,0.244119760479042,0.0965748502994012,3.02766624284055,14.0123376968288,0.895012189204655,0.476813908178106,0.013748502994012,0.180050232695755,0.170788449100952,0.0162271805273834,0.275862068965517,0.204483695652174,0.015625,0.4765625,0.4609375,0.335901386748844,"female"
"BAC009S0765W0129.wav",0.15545283695332,0.0711730751227475,0.178687392055268,0.147979274611399,0.193678756476684,0.045699481865285,3.66808935788864,20.3750571681784,0.878242832670199,0.403691603836062,0.180621761658031,0.15545283695332,0.140775638189886,0.015888778550149,0.271186440677966,0.23828125,0,0.9375,0.9375,0.222043010752688,"female"
"BAC009S0765W0130.wav",0.164472785212236,0.069370611343694,0.180593607305936,0.161095890410959,0.19689497716895,0.0357990867579909,3.75987670828147,20.3262833800404,0.87642240351293,0.415554893062518,0.18027397260274,0.164472785212236,0.151971019626277,0.0179573512906846,0.258064516129032,0.169497282608696,0,0.4453125,0.4453125,0.304625199362041,"female"
"BAC009S0766W0121.wav",0.184836678452438,0.0675219922622485,0.195084554678692,0.178038331454341,0.229492671927847,0.0514543404735062,3.27582021644672,16.9968502644518,0.902682496539703,0.457693031840727,0.193190529875986,0.184836678452438,0.190820844784584,0.0218281036834925,0.275862068965517,0.750411184210526,0.015625,6.5859375,6.5703125,0.155557109883192,"female"
"BAC009S0766W0122.wav",0.168693194484377,0.0873824995104644,0.192400455062571,0.118179749715586,0.231899886234357,0.113720136518771,3.48211126903571,21.2367413791834,0.906423757427812,0.46807555597816,0.0143344709897611,0.168693194484377,0.174522864354752,0.015748031496063,0.275862068965517,0.4765625,0.0078125,3.5625,3.5546875,0.118791208791209,"female"
"BAC009S0766W0123.wav",0.1902793270931,0.0640055051676818,0.199417122040073,0.181566484517304,0.230783242258652,0.0492167577413479,2.51300427443795,11.162782940729,0.898177964902096,0.407962358155892,0.187686703096539,0.1902793270931,0.157170794480136,0.0186046511627907,0.262295081967213,0.538736979166667,0.015625,6.3671875,6.3515625,0.0621423605540403,"female"
"BAC009S0766W0124.wav",0.197902253937175,0.0683650026931063,0.202025316455696,0.179430379746835,0.250094936708861,0.0706645569620253,2.94240084831837,13.8546950489366,0.897106035493565,0.420106331273347,0.279556962025316,0.197902253937175,0.169975981458005,0.0181200453001133,0.275862068965517,0.286368534482759,0,1.375,1.375,0.138392857142857,"female"
"BAC009S0766W0125.wav",0.190820933952045,0.072078651154398,0.205442708333333,0.176458333333333,0.244453125,0.0679947916666667,1.98005807583973,7.44919025330912,0.920285560375412,0.46818840276649,0.188489583333333,0.190820933952045,0.17391051844958,0.0172972972972973,0.275862068965517,0.515842013888889,0.015625,6.1953125,6.1796875,0.1024742640419,"female"
"BAC009S0766W0126.wav",0.177472846133786,0.0619829693852372,0.189,0.17472,0.21168,0.03696,4.22647785724575,26.3185172916659,0.880372955255068,0.412426642105607,0.1904,0.177472846133786,0.158596406545185,0.0253968253968254,0.231884057971014,0.246448863636364,0,0.4609375,0.4609375,0.389830508474576,"female"
"BAC009S0766W0127.wav",0.192947499568559,0.0730060335228628,0.205383244206774,0.169197860962567,0.251051693404635,0.0818538324420677,2.44272305292964,10.3983914999057,0.917311473600154,0.496357105354672,0.251301247771836,0.192947499568559,0.169153234123614,0.0200501253132832,0.275862068965517,1.0228587962963,0,5.7265625,5.7265625,0.258788960016791,"female"
"BAC009S0766W0128.wav",0.184975868889519,0.0605677028979922,0.191825795644891,0.178693467336683,0.226532663316583,0.0478391959798995,2.94006718957832,13.7997111360221,0.885813059753302,0.421661228914245,0.190887772194305,0.184975868889519,0.13746054962952,0.0166493236212279,0.275862068965517,0.244791666666667,0,1.015625,1.015625,0.314201183431953,"female"
"BAC009S0766W0129.wav",0.178377121831262,0.0679924550229505,0.191764705882353,0.170196078431373,0.225098039215686,0.0549019607843137,2.3305177619911,8.63897664180224,0.900325738378335,0.446837287223298,0.178823529411765,0.178377121831262,0.185292535857654,0.0159680638722555,0.275862068965517,0.611328125,0,6.2890625,6.2890625,0.163354037267081,"female"
"BAC009S0766W0130.wav",0.200540333927966,0.064311805568621,0.202472480948349,0.181134631668078,0.247281964436918,0.06614733276884,2.80542210200367,12.7631698886991,0.888367775516744,0.364628241799448,0.187298899237934,0.200540333927966,0.163033306454219,0.0247295208655332,0.275862068965517,0.575120192307692,0.015625,6.4375,6.421875,0.108029197080292,"female"
"BAC009S0767W0121.wav",0.228322194989514,0.0717521447017902,0.25228371005456,0.229805144193297,0.270179267342167,0.0403741231488698,3.11924561376553,15.3652015566866,0.845236996292102,0.251235115975344,0.279781761496493,0.228322194989514,0.192976235714793,0.0175054704595186,0.275862068965517,0.542410714285714,0.0078125,4.921875,4.9140625,0.120885591473827,"female"
"BAC009S0767W0122.wav",0.223549870172189,0.0688009088672299,0.247130434782609,0.217,0.264478260869565,0.0474782608695652,2.24961423990335,8.04175362017408,0.869160276676146,0.266611604118725,0.249717391304348,0.223549870172189,0.214028755474959,0.0169312169312169,0.275862068965517,0.520530523255814,0.0234375,1.0859375,1.0625,0.227415966386555,"female"
"BAC009S0767W0123.wav",0.233917361551233,0.0635917193536459,0.250208754208754,0.232673400673401,0.268121212121212,0.0354478114478115,2.8306531829253,13.2053920273225,0.825740067152318,0.154940044812644,0.28,0.233917361551233,0.227832814446874,0.0761904761904762,0.275862068965517,0.373851102941176,0,1.1484375,1.1484375,0.237889095031952,"female"
"BAC009S0767W0124.wav",0.227045912600239,0.0676760474613901,0.248712121212121,0.223257575757576,0.266477272727273,0.0432196969696969,2.51260069366079,10.3734109020351,0.845433296012613,0.211667377876134,0.28,0.227045912600239,0.215484914352699,0.0519480519480519,0.275862068965517,0.341145833333333,0.015625,0.8203125,0.8046875,0.192718446601942,"female"
"BAC009S0767W0125.wav",0.227330554613837,0.0684105686915608,0.249518987341772,0.22589029535865,0.267476793248945,0.0415864978902954,2.69220940815231,10.9028974380847,0.850897796100228,0.239635165905383,0.274801687763713,0.227330554613837,0.190582680186306,0.0347826086956522,0.271186440677966,0.4665625,0.25,1.234375,0.984375,0.243055555555556,"female"
"BAC009S0767W0126.wav",0.214267013525319,0.0763498864544769,0.239322638146168,0.212121212121212,0.261283422459893,0.0491622103386809,2.05225414336429,6.91447589982578,0.864562386450346,0.268335094905517,0.271016042780749,0.214267013525319,0.208129291028896,0.104575163398693,0.266666666666667,0.377130681818182,0.2109375,0.9140625,0.703125,0.276719576719577,"female"
"BAC009S0767W0127.wav",0.208617248418155,0.0867943237077611,0.248422907488987,0.201303964757709,0.265938325991189,0.0646343612334802,2.78354241273508,12.0069755582611,0.871985873332566,0.355995261271649,0.274819383259912,0.208617248418155,0.177794597471788,0.0211081794195251,0.271186440677966,0.539388020833333,0.0859375,1.578125,1.4921875,0.191668563623947,"female"
"BAC009S0767W0128.wav",0.224268872000159,0.0641994807902818,0.239745547073791,0.218015267175573,0.262188295165394,0.0441730279898219,2.41881050717488,10.8477865022257,0.847226442448612,0.241177034977067,0.28,0.224268872000159,0.194886501982969,0.0290909090909091,0.275862068965517,0.336979166666667,0,0.8359375,0.8359375,0.232925952552121,"female"
"BAC009S0767W0129.wav",0.224178435045595,0.0770284826527761,0.252345679012346,0.22641975308642,0.268333333333333,0.0419135802469136,2.94358656488309,13.4040859043278,0.846334690869891,0.230569110665482,0.272438271604938,0.224178435045595,0.206904002302379,0.0423280423280423,0.275862068965517,0.578394396551724,0.21875,3.21875,3,0.152715773809524,"female"
"BAC009S0767W0130.wav",0.230844663827403,0.0658665189570217,0.249905163329821,0.232202318229716,0.267903055848261,0.0357007376185458,2.77649229280231,11.8104449330122,0.831455859033355,0.210562393587106,0.275279241306639,0.230844663827403,0.22000807635374,0.018161180476731,0.275862068965517,0.438733552631579,0.21875,1.84375,1.625,0.136752136752137,"female"
"BAC009S0768W0121.wav",0.182946658046093,0.0698190375110871,0.188397733127254,0.167913446676971,0.241051004636785,0.0731375579598145,2.8260359506785,15.5229444297737,0.91981822882952,0.47527696314008,0.178876867594024,0.182946658046093,0.140097256319547,0.015732546705998,0.275862068965517,0.342998798076923,0,6.2421875,6.2421875,0.0640300375469337,"female"
"BAC009S0768W0122.wav",0.19053266976911,0.0581562905983912,0.189990867579909,0.175159817351598,0.238575342465753,0.0634155251141553,3.15243220933218,15.4906250633989,0.888559982161733,0.386854590214422,0.178228310502283,0.19053266976911,0.17377860799766,0.0176991150442478,0.271186440677966,0.204861111111111,0,0.5078125,0.5078125,0.194871794871795,"female"
"BAC009S0768W0123.wav",0.175778122061487,0.0589759260537211,0.187314365024289,0.166523247744622,0.203442054129077,0.0369188063844552,4.77709888642971,32.7853583562305,0.894665275836105,0.456155926964903,0.189451769604441,0.175778122061487,0.155717830440864,0.016016016016016,0.266666666666667,0.257195723684211,0,0.6328125,0.6328125,0.228052126200274,"female"
"BAC009S0768W0124.wav",0.178604936444551,0.0658318873352846,0.186555819477435,0.169429928741093,0.218812351543943,0.0493824228028504,3.4300200159815,18.6398769645508,0.909918661260364,0.457341399221194,0.179239904988124,0.178604936444551,0.163898057695559,0.0166840458811262,0.275862068965517,0.471417682926829,0,6.2265625,6.2265625,0.0759723964868256,"female"
"BAC009S0768W0125.wav",0.184919069505782,0.0649800722343691,0.191383595691798,0.171897265948633,0.231516155758078,0.0596188898094449,2.33546646994684,9.48776600198189,0.912477566308361,0.478693121601588,0.179784589892295,0.184919069505782,0.160412098278739,0.0163432073544433,0.258064516129032,0.241908482142857,0,0.4921875,0.4921875,0.310744810744811,"female"
"BAC009S0768W0126.wav",0.178019436879998,0.0612249033402565,0.187592592592593,0.174074074074074,0.208703703703704,0.0346296296296296,3.46089358615339,17.4966060218585,0.887313732289075,0.404709534254174,0.188148148148148,0.178019436879998,0.1597558722726,0.0167890870933893,0.266666666666667,0.45703125,0,6.1875,6.1875,0.0909576534576535,"female"
"BAC009S0768W0127.wav",0.18809245096098,0.0710212942262563,0.193638119768191,0.173084352865422,0.240875724404379,0.0677913715389569,2.68946514245077,15.484119755358,0.922982658394539,0.481237910925959,0.188048937540245,0.18809245096098,0.179253336762796,0.0164778578784758,0.275862068965517,0.432360197368421,0,6.328125,6.328125,0.0772772772772773,"female"
"BAC009S0768W0128.wav",0.187832387269059,0.0611694930322012,0.191535269709544,0.173941908713693,0.224398340248963,0.0504564315352697,2.42302519825146,10.4157876443569,0.910596841960876,0.408568461793656,0.188713692946058,0.187832387269059,0.158246492350271,0.0163098878695209,0.275862068965517,0.254261363636364,0,1.390625,1.390625,0.11079174287954,"female"
"BAC009S0768W0129.wav",0.202563681431234,0.0638756955871452,0.221359927470535,0.177443336355394,0.250553037171351,0.0731097008159565,2.26967771234464,8.09984215474924,0.882802491633497,0.331775797224487,0.178204895738894,0.202563681431234,0.164242042172589,0.0179171332586786,0.258064516129032,0.260127314814815,0,1.390625,1.390625,0.124675885911841,"female"
"BAC009S0768W0130.wav",0.176390520524702,0.0642057409840545,0.181481481481481,0.151882716049383,0.21108024691358,0.0591975308641975,2.56638155539886,10.787316839038,0.910944193721267,0.463405550290529,0.179320987654321,0.176390520524702,0.159252473086435,0.020460358056266,0.238805970149254,0.529903017241379,0.015625,6.0078125,5.9921875,0.079763456882101,"female"
"BAC009S0769W0121.wav",0.212411390623273,0.0718696798141645,0.23391825613079,0.187226158038147,0.269318801089918,0.0820926430517711,3.16136511546559,15.1427617140428,0.876188924458131,0.313973784862692,0.274811989100817,0.212411390623273,0.188629145658313,0.0166840458811262,0.275862068965517,0.298691860465116,0.1796875,0.5859375,0.40625,0.219322344322344,"female"
"BAC009S0769W0122.wav",0.203194288798288,0.0738859423161668,0.231538461538462,0.185868945868946,0.253276353276353,0.0674074074074074,2.52116173851633,11.2679847848397,0.898117217285715,0.403494997289692,0.248091168091168,0.203194288798288,0.189405552104724,0.0243161094224924,0.271186440677966,0.450827205882353,0.1875,3.2421875,3.0546875,0.104239324188173,"female"
"BAC009S0769W0123.wav",0.216742021818343,0.0649917607506136,0.23305099394987,0.191910112359551,0.254831460674157,0.0629213483146067,2.68629137447615,11.9261277250705,0.86632350741806,0.276830632739578,0.28,0.216742021818343,0.176044721827562,0.0166840458811262,0.275862068965517,0.295362903225806,0,0.8125,0.8125,0.150198938992042,"female"
"BAC009S0769W0124.wav",0.212964991274286,0.0719114652056282,0.243095785440613,0.187739463601533,0.264766283524904,0.0770268199233717,2.51728220747044,9.61127775208192,0.874994858867473,0.286688942424032,0.251463601532567,0.212964991274286,0.184649310825882,0.0168954593453009,0.275862068965517,0.47332974137931,0.171875,3.7421875,3.5703125,0.10573616755236,"female"
"BAC009S0769W0125.wav",0.209335015078833,0.0733985180479213,0.231070448307411,0.186239707227813,0.261299176578225,0.0750594693504117,2.44530651445822,9.83523815775379,0.888700297120297,0.379639067826485,0.279487648673376,0.209335015078833,0.178740007605034,0.0316205533596838,0.275862068965517,0.5490625,0,6.0390625,6.0390625,0.0955153083225528,"female"
"BAC009S0769W0126.wav",0.203673632125774,0.0696102964994612,0.225348837209302,0.181860465116279,0.251395348837209,0.0695348837209302,2.35135571287457,9.15890198833733,0.890890319945336,0.386795774627629,0.279302325581395,0.203673632125774,0.172632918986544,0.0173724212812161,0.275862068965517,0.536168981481482,0.1796875,6.078125,5.8984375,0.0873153336729496,"female"
"BAC009S0769W0127.wav",0.208848851667438,0.0661099156451449,0.231106290672451,0.187830802603037,0.248872017353579,0.0610412147505423,2.71275132344359,12.5129799061496,0.883390957204693,0.313067686103479,0.247960954446855,0.208848851667438,0.183130848839427,0.0196078431372549,0.275862068965517,0.374818313953488,0,1.6015625,1.6015625,0.18664343786295,"female"
"BAC009S0769W0128.wav",0.209508046502541,0.0700888552146023,0.232853470437018,0.1873264781491,0.251748071979434,0.0644215938303342,2.49775689264134,9.20910576839489,0.877841298020968,0.317077955020804,0.249588688946015,0.209508046502541,0.193148874875065,0.0163265306122449,0.275862068965517,0.310032894736842,0,0.6171875,0.6171875,0.176160337552743,"female"
"BAC009S0769W0129.wav",0.210624070250769,0.063241307043177,0.228512396694215,0.187438016528926,0.253388429752066,0.0659504132231405,1.96534985133011,6.39407112987352,0.876230761221049,0.304445658854566,0.191487603305785,0.210624070250769,0.183017801916252,0.0204342273307791,0.266666666666667,0.391447368421053,0.1796875,1.3984375,1.21875,0.189458689458689,"female"
"BAC009S0769W0130.wav",0.211464760460871,0.0655314727761523,0.228496583143508,0.188473804100228,0.253371298405467,0.0648974943052392,2.2782855512277,8.50446614051035,0.886185912913638,0.327707856410917,0.226423690205011,0.211464760460871,0.18295392548711,0.0159045725646123,0.275862068965517,0.33203125,0,0.75,0.75,0.199739583333333,"female"
"BAC009S0770W0121.wav",0.210280566708008,0.0626200647595319,0.232779661016949,0.193508474576271,0.247966101694915,0.0544576271186441,2.75749626376845,11.8387448569098,0.88059823835717,0.298947366992278,0.250220338983051,0.210280566708008,0.179111983227004,0.0159045725646123,0.271186440677966,0.462239583333333,0,6.6640625,6.6640625,0.0757966535223276,"female"
"BAC009S0770W0122.wav",0.212385062876297,0.0595268368203563,0.22932319391635,0.211650190114068,0.245292775665399,0.0336425855513308,2.95685679554515,13.0750077598699,0.861915216361953,0.293945784343217,0.240182509505703,0.212385062876297,0.184288819561214,0.0156709108716944,0.271186440677966,0.233226102941176,0.0078125,2.3046875,2.296875,0.0782312925170068,"female"
"BAC009S0770W0123.wav",0.205769308975684,0.0671110498163717,0.230588235294118,0.186343713956171,0.248996539792388,0.0626528258362168,4.29374323619458,27.7081060254006,0.86330506501509,0.324122193881057,0.249319492502883,0.205769308975684,0.157105008337232,0.0168598524762908,0.275862068965517,0.152669270833333,0.015625,0.484375,0.46875,0.184782608695652,"female"
"BAC009S0770W0124.wav",0.211615468674453,0.0614640630895831,0.229691470054446,0.197931034482759,0.248493647912886,0.050562613430127,2.91030760717423,12.8572093930493,0.866706720615784,0.324672948651487,0.249764065335753,0.211615468674453,0.167232300848094,0.0157016683022571,0.253968253968254,0.241109913793103,0,2.0703125,2.0703125,0.0819407008086253,"female"
"BAC009S0770W0125.wav",0.198033823096951,0.0775682369803567,0.227900207900208,0.187442827442827,0.248711018711019,0.0612681912681913,2.53726115366411,10.5662588531783,0.914748613539952,0.48943016677808,0.248856548856549,0.198033823096951,0.174724960345236,0.0156709108716944,0.275862068965517,0.288325471698113,0,6.921875,6.921875,0.0467963188053481,"female"
"BAC009S0770W0126.wav",0.203756319604607,0.0707531903388893,0.228435643564356,0.197386138613861,0.246455445544554,0.0490693069306931,3.0094952789968,13.1725327893981,0.863016270470929,0.327103994280617,0.248950495049505,0.203756319604607,0.180581931027647,0.0158572844400396,0.275862068965517,0.167410714285714,0.0078125,0.421875,0.4140625,0.16491963661775,"female"
"BAC009S0770W0127.wav",0.204465021248093,0.0717033262002037,0.231746522411128,0.190417310664606,0.248191653786708,0.057774343122102,2.97581014502013,13.8580486729865,0.884314373055144,0.37106219496029,0.2458114374034,0.204465021248093,0.186523084069124,0.0221606648199446,0.266666666666667,0.219223484848485,0,1.90625,1.90625,0.0560109289617486,"female"
"BAC009S0770W0128.wav",0.205138958386745,0.0632541444926334,0.224727863525589,0.189244516653128,0.246563769293258,0.05731925264013,2.61315595742739,10.5948967854396,0.877076620275327,0.337818881458481,0.189471974004874,0.205138958386745,0.179139203269369,0.0163098878695209,0.266666666666667,0.590725806451613,0,6.8828125,6.8828125,0.116870559549334,"female"
"BAC009S0770W0129.wav",0.195879613564426,0.0752770491526514,0.224113283884019,0.188051247471342,0.245448415374241,0.0573971679028995,2.31175404904216,8.38956294910121,0.878212949827819,0.29928913496225,0.248091706001349,0.195879613564426,0.146619833466483,0.0157016683022571,0.271186440677966,0.127667682926829,0,0.25,0.25,0.2078125,"female"
"BAC009S0770W0130.wav",0.205360580204651,0.0626266346863478,0.226512096774194,0.190383064516129,0.244717741935484,0.0543346774193548,2.81539812589411,11.4861454130523,0.873991847871003,0.317927230656893,0.246129032258065,0.205360580204651,0.166331856202603,0.0158730158730159,0.271186440677966,0.222140330188679,0.015625,2.4375,2.421875,0.0624516129032258,"female"
