,train_c,Val_c,Test_c
0,0.6997959183673469,0.6942857142857143,0.6773333333333333
1,0.8042857142857143,0.7976190476190477,0.784
2,0.8344897959183674,0.8452380952380952,0.8276666666666667
3,0.8530612244897959,0.8485714285714285,0.834
4,0.8630612244897959,0.8714285714285714,0.85
5,0.8708163265306123,0.8557142857142858,0.8376666666666667
6,0.8734693877551021,0.8538095238095238,0.836
7,0.8746938775510205,0.878095238095238,0.8583333333333333
8,0.8665306122448979,0.8680952380952381,0.8543333333333333
9,0.8748979591836735,0.8823809523809524,0.8643333333333333
10,0.8757142857142857,0.8761904761904762,0.8596666666666667
11,0.8761224489795918,0.8714285714285714,0.8533333333333334
12,0.8728571428571429,0.8823809523809524,0.8626666666666667
13,0.8738775510204082,0.8828571428571429,0.8636666666666667
14,0.8781632653061224,0.8738095238095238,0.8576666666666667
15,0.8748979591836735,0.8814285714285715,0.8653333333333333
16,0.8761224489795918,0.8771428571428571,0.856
17,0.876734693877551,0.8771428571428571,0.856
18,0.8734693877551021,0.8842857142857142,0.8623333333333333
19,0.8783673469387755,0.8642857142857143,0.8486666666666667
20,0.8757142857142857,0.8766666666666667,0.8596666666666667
21,0.8755102040816326,0.89,0.866
22,0.8785714285714286,0.8895238095238095,0.8673333333333333
23,0.8746938775510205,0.8680952380952381,0.848
24,0.8785714285714286,0.8847619047619047,0.863
25,0.8779591836734694,0.8847619047619047,0.87
26,0.8783673469387755,0.8871428571428571,0.8676666666666667
27,0.8795918367346939,0.8857142857142857,0.866
28,0.8755102040816326,0.8790476190476191,0.8643333333333333
29,0.8797959183673469,0.8842857142857142,0.863
30,0.8816326530612245,0.8876190476190476,0.8673333333333333
31,0.8777551020408163,0.8838095238095238,0.8663333333333333
32,0.876734693877551,0.8866666666666667,0.8683333333333333
33,0.8818367346938776,0.8714285714285714,0.8563333333333333
34,0.8753061224489795,0.8795238095238095,0.8616666666666667
35,0.8765306122448979,0.8885714285714286,0.873
36,0.88,0.8904761904761904,0.87
37,0.88,0.8814285714285715,0.8656666666666667
38,0.8808163265306123,0.8895238095238095,0.8713333333333333
39,0.8804081632653061,0.888095238095238,0.869
40,0.8818367346938776,0.8423809523809523,0.832
41,0.8808163265306123,0.8871428571428571,0.869
42,0.8838775510204082,0.8871428571428571,0.8726666666666667
43,0.8844897959183673,0.8809523809523809,0.8686666666666667
44,0.8846938775510204,0.8885714285714286,0.8726666666666667
45,0.8824489795918368,0.8866666666666667,0.872
46,0.8842857142857142,0.8885714285714286,0.8726666666666667
47,0.8826530612244898,0.8876190476190476,0.869
48,0.8820408163265306,0.8852380952380953,0.8696666666666667
49,0.8822448979591837,0.8923809523809524,0.87
50,0.8857142857142857,0.89,0.8686666666666667
51,0.8846938775510204,0.888095238095238,0.87
52,0.883265306122449,0.8771428571428571,0.8646666666666667
53,0.8822448979591837,0.8871428571428571,0.871
54,0.8855102040816326,0.8914285714285715,0.8676666666666667
55,0.8863265306122449,0.89,0.872
56,0.8863265306122449,0.8895238095238095,0.8716666666666667
57,0.8855102040816326,0.8838095238095238,0.8696666666666667
58,0.8855102040816326,0.8909523809523809,0.8706666666666667
59,0.8846938775510204,0.8895238095238095,0.8726666666666667
60,0.8877551020408163,0.8890476190476191,0.872
61,0.8881632653061224,0.8871428571428571,0.8696666666666667
62,0.8871428571428571,0.8890476190476191,0.871
63,0.8871428571428571,0.8857142857142857,0.8696666666666667
64,0.8875510204081632,0.8871428571428571,0.866
65,0.8824489795918368,0.8861904761904762,0.872
66,0.886734693877551,0.8833333333333333,0.8693333333333333
67,0.8859183673469387,0.8890476190476191,0.871
68,0.8863265306122449,0.8809523809523809,0.865
69,0.889795918367347,0.8923809523809524,0.8726666666666667
70,0.8877551020408163,0.8890476190476191,0.871
71,0.8883673469387755,0.8876190476190476,0.8716666666666667
72,0.8883673469387755,0.8909523809523809,0.8716666666666667
73,0.8887755102040816,0.8909523809523809,0.8696666666666667
74,0.8895918367346939,0.8933333333333333,0.8726666666666667
75,0.89,0.8890476190476191,0.873
76,0.8883673469387755,0.8876190476190476,0.8676666666666667
77,0.8889795918367347,0.8885714285714286,0.871
78,0.8895918367346939,0.8890476190476191,0.8716666666666667
79,0.8918367346938776,0.8904761904761904,0.873
80,0.8887755102040816,0.8895238095238095,0.871
81,0.889795918367347,0.8857142857142857,0.87
82,0.8877551020408163,0.8923809523809524,0.8716666666666667
83,0.8916326530612245,0.8876190476190476,0.873
84,0.89,0.888095238095238,0.8696666666666667
85,0.8908163265306123,0.8919047619047619,0.873
86,0.8910204081632653,0.8914285714285715,0.871
87,0.8891836734693878,0.89,0.8713333333333333
88,0.8883673469387755,0.8914285714285715,0.8696666666666667
89,0.889795918367347,0.8890476190476191,0.8723333333333333
90,0.8887755102040816,0.8914285714285715,0.8713333333333333
91,0.889795918367347,0.8895238095238095,0.8723333333333333
92,0.8904081632653061,0.8923809523809524,0.8716666666666667
93,0.8906122448979592,0.8890476190476191,0.8743333333333333
94,0.8887755102040816,0.8909523809523809,0.8716666666666667
95,0.8920408163265307,0.8923809523809524,0.8736666666666667
96,0.8920408163265307,0.8890476190476191,0.873
97,0.889795918367347,0.8919047619047619,0.874
98,0.8904081632653061,0.8909523809523809,0.872
99,0.8918367346938776,0.8909523809523809,0.8733333333333333
100,0.8904081632653061,0.8919047619047619,0.8736666666666667
101,0.8893877551020408,0.8923809523809524,0.8723333333333333
102,0.8889795918367347,0.8923809523809524,0.8733333333333333
103,0.89,0.8904761904761904,0.8726666666666667
104,0.8902040816326531,0.8919047619047619,0.8733333333333333
105,0.8912244897959184,0.8909523809523809,0.8733333333333333
106,0.89,0.8914285714285715,0.8713333333333333
107,0.8889795918367347,0.8928571428571429,0.8736666666666667
108,0.8918367346938776,0.8909523809523809,0.871
109,0.8918367346938776,0.8919047619047619,0.873
110,0.8906122448979592,0.8914285714285715,0.871
111,0.8922448979591837,0.8914285714285715,0.873
112,0.889795918367347,0.8919047619047619,0.872
113,0.89,0.8914285714285715,0.872
114,0.8918367346938776,0.8914285714285715,0.8716666666666667
115,0.8889795918367347,0.8928571428571429,0.8713333333333333
116,0.8918367346938776,0.8914285714285715,0.872
117,0.889795918367347,0.8928571428571429,0.8743333333333333
118,0.8904081632653061,0.8928571428571429,0.8746666666666667
119,0.8920408163265307,0.8914285714285715,0.8726666666666667
120,0.8908163265306123,0.8923809523809524,0.8733333333333333
121,0.8904081632653061,0.8919047619047619,0.8736666666666667
122,0.8912244897959184,0.8914285714285715,0.872
123,0.8910204081632653,0.8919047619047619,0.8726666666666667
124,0.8910204081632653,0.8923809523809524,0.874
125,0.8908163265306123,0.8914285714285715,0.8723333333333333
126,0.8914285714285715,0.8919047619047619,0.873
127,0.8889795918367347,0.8914285714285715,0.8723333333333333
128,0.8893877551020408,0.8914285714285715,0.871
129,0.8902040816326531,0.8933333333333333,0.8743333333333333
130,0.8910204081632653,0.8919047619047619,0.8726666666666667
131,0.8910204081632653,0.8909523809523809,0.874
132,0.8908163265306123,0.8928571428571429,0.8746666666666667
133,0.8904081632653061,0.8919047619047619,0.8736666666666667
134,0.8924489795918368,0.8923809523809524,0.8733333333333333
135,0.8926530612244898,0.8919047619047619,0.8733333333333333
136,0.8918367346938776,0.8928571428571429,0.875
137,0.8924489795918368,0.8933333333333333,0.8746666666666667
138,0.8904081632653061,0.8909523809523809,0.873
139,0.8902040816326531,0.8914285714285715,0.872
140,0.893673469387755,0.8904761904761904,0.875
141,0.8910204081632653,0.8928571428571429,0.874
142,0.8912244897959184,0.8914285714285715,0.8723333333333333
143,0.8922448979591837,0.8933333333333333,0.874
144,0.893061224489796,0.8928571428571429,0.874
145,0.889795918367347,0.8919047619047619,0.872
146,0.8885714285714286,0.8914285714285715,0.8726666666666667
147,0.8918367346938776,0.8914285714285715,0.8733333333333333
148,0.8940816326530612,0.8928571428571429,0.8736666666666667
149,0.8924489795918368,0.8928571428571429,0.8716666666666667
150,0.893265306122449,0.8923809523809524,0.8746666666666667
151,0.8910204081632653,0.8933333333333333,0.8753333333333333
152,0.8940816326530612,0.8923809523809524,0.874
153,0.8895918367346939,0.8923809523809524,0.8743333333333333
154,0.8918367346938776,0.8923809523809524,0.8733333333333333
155,0.8902040816326531,0.8909523809523809,0.8743333333333333
156,0.8914285714285715,0.8914285714285715,0.874
157,0.8910204081632653,0.8933333333333333,0.874
158,0.8914285714285715,0.8914285714285715,0.874
159,0.893061224489796,0.8909523809523809,0.8736666666666667
160,0.8922448979591837,0.8919047619047619,0.874
161,0.8910204081632653,0.8928571428571429,0.8746666666666667
162,0.8902040816326531,0.8919047619047619,0.873
163,0.8904081632653061,0.8914285714285715,0.874
164,0.8916326530612245,0.8914285714285715,0.873
165,0.8910204081632653,0.8928571428571429,0.874
166,0.8924489795918368,0.8919047619047619,0.8736666666666667
167,0.889795918367347,0.8923809523809524,0.872
168,0.8893877551020408,0.8933333333333333,0.8736666666666667
169,0.8918367346938776,0.8928571428571429,0.8733333333333333
170,0.8918367346938776,0.8923809523809524,0.874
171,0.89,0.8914285714285715,0.8733333333333333
172,0.8914285714285715,0.8919047619047619,0.8736666666666667
173,0.8916326530612245,0.8923809523809524,0.8713333333333333
174,0.8906122448979592,0.8919047619047619,0.874
175,0.8918367346938776,0.8919047619047619,0.875
176,0.8908163265306123,0.8923809523809524,0.8736666666666667
177,0.8902040816326531,0.8923809523809524,0.8726666666666667
178,0.8934693877551021,0.8904761904761904,0.8736666666666667
179,0.8922448979591837,0.8923809523809524,0.874
180,0.8902040816326531,0.8928571428571429,0.874
181,0.8918367346938776,0.8914285714285715,0.8733333333333333
182,0.8922448979591837,0.8928571428571429,0.8736666666666667
183,0.8912244897959184,0.8923809523809524,0.8733333333333333
184,0.8902040816326531,0.8919047619047619,0.8726666666666667
185,0.8910204081632653,0.8928571428571429,0.8726666666666667
186,0.8910204081632653,0.8909523809523809,0.8733333333333333
187,0.8906122448979592,0.8923809523809524,0.8733333333333333
188,0.8918367346938776,0.8923809523809524,0.8733333333333333
189,0.8906122448979592,0.8928571428571429,0.8746666666666667
190,0.8922448979591837,0.8909523809523809,0.873
191,0.8887755102040816,0.8923809523809524,0.8713333333333333
192,0.8916326530612245,0.8928571428571429,0.8743333333333333
193,0.8910204081632653,0.8904761904761904,0.8723333333333333
194,0.8914285714285715,0.8923809523809524,0.8743333333333333
195,0.8910204081632653,0.8928571428571429,0.8733333333333333
196,0.8916326530612245,0.8919047619047619,0.8736666666666667
197,0.893061224489796,0.8909523809523809,0.8723333333333333
198,0.8908163265306123,0.8923809523809524,0.8743333333333333
199,0.8912244897959184,0.8914285714285715,0.872
200,0.8918367346938776,0.8923809523809524,0.8716666666666667
201,0.8902040816326531,0.8919047619047619,0.8736666666666667
202,0.8902040816326531,0.8923809523809524,0.8726666666666667
203,0.8926530612244898,0.8919047619047619,0.8733333333333333
204,0.8920408163265307,0.8923809523809524,0.8743333333333333
205,0.8910204081632653,0.8923809523809524,0.8736666666666667
206,0.8912244897959184,0.8909523809523809,0.873
207,0.8908163265306123,0.8928571428571429,0.8746666666666667
208,0.8908163265306123,0.8933333333333333,0.874
209,0.8902040816326531,0.8919047619047619,0.874
210,0.8910204081632653,0.8919047619047619,0.873
211,0.8920408163265307,0.8923809523809524,0.8743333333333333
212,0.8908163265306123,0.8923809523809524,0.874
213,0.8914285714285715,0.8923809523809524,0.8746666666666667
214,0.8920408163265307,0.8919047619047619,0.874
215,0.8902040816326531,0.8914285714285715,0.8723333333333333
216,0.8893877551020408,0.8923809523809524,0.8746666666666667
217,0.89,0.8904761904761904,0.8733333333333333
218,0.8912244897959184,0.8919047619047619,0.8736666666666667
219,0.8906122448979592,0.8919047619047619,0.8716666666666667
220,0.889795918367347,0.8909523809523809,0.8736666666666667
221,0.8910204081632653,0.8928571428571429,0.8743333333333333
222,0.8920408163265307,0.8923809523809524,0.8733333333333333
223,0.8912244897959184,0.8923809523809524,0.8743333333333333
224,0.8883673469387755,0.8923809523809524,0.8733333333333333
225,0.8906122448979592,0.8928571428571429,0.874
226,0.8895918367346939,0.8919047619047619,0.8726666666666667
227,0.8924489795918368,0.8928571428571429,0.8743333333333333
228,0.8926530612244898,0.8919047619047619,0.8733333333333333
229,0.8922448979591837,0.8919047619047619,0.873
230,0.8924489795918368,0.8914285714285715,0.8726666666666667
231,0.8918367346938776,0.8923809523809524,0.8726666666666667
232,0.8910204081632653,0.8909523809523809,0.8733333333333333
233,0.8918367346938776,0.8928571428571429,0.8736666666666667
234,0.8914285714285715,0.8914285714285715,0.873
235,0.8904081632653061,0.8923809523809524,0.874
236,0.8912244897959184,0.8914285714285715,0.8723333333333333
237,0.8902040816326531,0.8923809523809524,0.874
238,0.8895918367346939,0.8919047619047619,0.873
239,0.8926530612244898,0.8923809523809524,0.8743333333333333
240,0.8924489795918368,0.8914285714285715,0.8736666666666667
241,0.89,0.8923809523809524,0.8736666666666667
242,0.8910204081632653,0.8923809523809524,0.8743333333333333
243,0.893061224489796,0.8923809523809524,0.8736666666666667
244,0.8914285714285715,0.8909523809523809,0.8726666666666667
245,0.8928571428571429,0.8923809523809524,0.8733333333333333
246,0.893061224489796,0.8919047619047619,0.8723333333333333
247,0.8904081632653061,0.8919047619047619,0.8726666666666667
248,0.8912244897959184,0.8928571428571429,0.8743333333333333
249,0.8920408163265307,0.8914285714285715,0.8736666666666667
250,0.8926530612244898,0.8914285714285715,0.872
251,0.8904081632653061,0.8928571428571429,0.873
252,0.8914285714285715,0.8919047619047619,0.8733333333333333
253,0.8928571428571429,0.8919047619047619,0.8736666666666667
254,0.8912244897959184,0.8909523809523809,0.873
255,0.89,0.8919047619047619,0.8733333333333333
256,0.8926530612244898,0.8919047619047619,0.872
257,0.8926530612244898,0.8928571428571429,0.8726666666666667
258,0.8908163265306123,0.8923809523809524,0.873
259,0.8938775510204081,0.8928571428571429,0.874
260,0.8938775510204081,0.8923809523809524,0.874
261,0.8914285714285715,0.8923809523809524,0.8723333333333333
262,0.8916326530612245,0.8928571428571429,0.8746666666666667
263,0.8904081632653061,0.8919047619047619,0.8736666666666667
264,0.8928571428571429,0.8919047619047619,0.8736666666666667
265,0.8910204081632653,0.8914285714285715,0.8726666666666667
266,0.8926530612244898,0.8919047619047619,0.873
267,0.8912244897959184,0.8919047619047619,0.873
268,0.8926530612244898,0.8914285714285715,0.8733333333333333
269,0.8924489795918368,0.8904761904761904,0.873
270,0.8891836734693878,0.8928571428571429,0.8736666666666667
271,0.8928571428571429,0.8919047619047619,0.874
272,0.8908163265306123,0.8923809523809524,0.8743333333333333
273,0.8895918367346939,0.8923809523809524,0.8743333333333333
274,0.893061224489796,0.8923809523809524,0.874
275,0.8895918367346939,0.8933333333333333,0.8736666666666667
276,0.8920408163265307,0.8923809523809524,0.8736666666666667
277,0.8908163265306123,0.8923809523809524,0.8723333333333333
278,0.8912244897959184,0.8914285714285715,0.873
279,0.8912244897959184,0.8923809523809524,0.8733333333333333
280,0.8906122448979592,0.8919047619047619,0.873
281,0.8916326530612245,0.8923809523809524,0.8746666666666667
282,0.8938775510204081,0.8919047619047619,0.8743333333333333
283,0.8926530612244898,0.8914285714285715,0.8723333333333333
284,0.8918367346938776,0.8933333333333333,0.873
285,0.8918367346938776,0.8933333333333333,0.8736666666666667
286,0.8902040816326531,0.8923809523809524,0.8726666666666667
287,0.8914285714285715,0.8928571428571429,0.8746666666666667
288,0.8914285714285715,0.8928571428571429,0.8733333333333333
289,0.8912244897959184,0.8928571428571429,0.875
290,0.8902040816326531,0.8919047619047619,0.8723333333333333
291,0.8908163265306123,0.8909523809523809,0.873
292,0.8904081632653061,0.8909523809523809,0.8723333333333333
293,0.8895918367346939,0.8919047619047619,0.8723333333333333
294,0.8918367346938776,0.8914285714285715,0.8733333333333333
295,0.8916326530612245,0.8919047619047619,0.875
296,0.8881632653061224,0.8914285714285715,0.8736666666666667
297,0.8922448979591837,0.8914285714285715,0.875
298,0.8902040816326531,0.8923809523809524,0.873
299,0.8912244897959184,0.8919047619047619,0.8733333333333333
300,0.8926530612244898,0.8923809523809524,0.873
301,0.8908163265306123,0.8919047619047619,0.8733333333333333
302,0.8914285714285715,0.8909523809523809,0.8746666666666667
303,0.8912244897959184,0.8928571428571429,0.874
304,0.8918367346938776,0.8928571428571429,0.8733333333333333
305,0.893265306122449,0.8923809523809524,0.8736666666666667
306,0.8912244897959184,0.8923809523809524,0.8736666666666667
307,0.8879591836734694,0.8914285714285715,0.8736666666666667
308,0.8910204081632653,0.8919047619047619,0.8736666666666667
309,0.8914285714285715,0.8919047619047619,0.8733333333333333
310,0.8912244897959184,0.8919047619047619,0.8733333333333333
311,0.8895918367346939,0.8928571428571429,0.871
312,0.893265306122449,0.8919047619047619,0.872
313,0.8906122448979592,0.8923809523809524,0.8736666666666667
314,0.8904081632653061,0.8914285714285715,0.8723333333333333
315,0.8904081632653061,0.8923809523809524,0.8736666666666667
316,0.8906122448979592,0.8919047619047619,0.873
317,0.8916326530612245,0.8904761904761904,0.8736666666666667
318,0.8902040816326531,0.8923809523809524,0.873
319,0.8904081632653061,0.8919047619047619,0.8736666666666667
320,0.8934693877551021,0.8923809523809524,0.874
321,0.8914285714285715,0.8928571428571429,0.874
322,0.8910204081632653,0.8928571428571429,0.8733333333333333
323,0.8902040816326531,0.8928571428571429,0.8726666666666667
324,0.8910204081632653,0.8909523809523809,0.8723333333333333
325,0.8916326530612245,0.8923809523809524,0.8736666666666667
326,0.8916326530612245,0.8923809523809524,0.8736666666666667
327,0.8893877551020408,0.8919047619047619,0.874
328,0.8922448979591837,0.8923809523809524,0.872
329,0.8916326530612245,0.8914285714285715,0.874
330,0.8904081632653061,0.8919047619047619,0.8733333333333333
331,0.8926530612244898,0.8914285714285715,0.872
332,0.8926530612244898,0.8919047619047619,0.8716666666666667
333,0.8893877551020408,0.8909523809523809,0.873
334,0.8940816326530612,0.8923809523809524,0.873
335,0.8926530612244898,0.8919047619047619,0.8726666666666667
336,0.8891836734693878,0.8904761904761904,0.8736666666666667
337,0.893673469387755,0.8909523809523809,0.8726666666666667
338,0.8910204081632653,0.8914285714285715,0.873
339,0.8908163265306123,0.8914285714285715,0.8736666666666667
340,0.8902040816326531,0.8914285714285715,0.8726666666666667
341,0.8914285714285715,0.8923809523809524,0.874
342,0.889795918367347,0.8923809523809524,0.874
343,0.8902040816326531,0.8923809523809524,0.8723333333333333
344,0.893061224489796,0.8919047619047619,0.873
345,0.8902040816326531,0.8938095238095238,0.873
346,0.8912244897959184,0.8914285714285715,0.8726666666666667
347,0.8922448979591837,0.8928571428571429,0.873
348,0.8938775510204081,0.8923809523809524,0.8743333333333333
349,0.8912244897959184,0.8919047619047619,0.873
350,0.8924489795918368,0.8919047619047619,0.873
351,0.8902040816326531,0.8928571428571429,0.874
352,0.8934693877551021,0.8904761904761904,0.873
353,0.8910204081632653,0.8919047619047619,0.8733333333333333
354,0.893265306122449,0.8923809523809524,0.873
355,0.8924489795918368,0.89,0.874
356,0.8934693877551021,0.8933333333333333,0.8736666666666667
357,0.8924489795918368,0.8923809523809524,0.873
358,0.8908163265306123,0.8923809523809524,0.8736666666666667
359,0.8938775510204081,0.8923809523809524,0.8733333333333333
360,0.8902040816326531,0.8923809523809524,0.8733333333333333
361,0.8906122448979592,0.8914285714285715,0.8723333333333333
362,0.8904081632653061,0.8914285714285715,0.8736666666666667
363,0.8908163265306123,0.8923809523809524,0.874
364,0.8908163265306123,0.8923809523809524,0.874
365,0.8910204081632653,0.8923809523809524,0.8736666666666667
366,0.8922448979591837,0.8919047619047619,0.8736666666666667
367,0.893673469387755,0.8923809523809524,0.8733333333333333
368,0.8922448979591837,0.8919047619047619,0.8726666666666667
369,0.8895918367346939,0.8923809523809524,0.8733333333333333
370,0.89,0.8923809523809524,0.874
371,0.8910204081632653,0.8919047619047619,0.8736666666666667
372,0.8908163265306123,0.8928571428571429,0.873
373,0.89,0.8919047619047619,0.873
374,0.8910204081632653,0.8923809523809524,0.8743333333333333
375,0.8916326530612245,0.8928571428571429,0.873
376,0.8920408163265307,0.8914285714285715,0.8726666666666667
377,0.8914285714285715,0.8923809523809524,0.8736666666666667
378,0.8904081632653061,0.8923809523809524,0.874
379,0.8908163265306123,0.8914285714285715,0.8723333333333333
380,0.8928571428571429,0.8923809523809524,0.874
381,0.8918367346938776,0.8928571428571429,0.8746666666666667
382,0.8940816326530612,0.8904761904761904,0.8743333333333333
383,0.8908163265306123,0.8919047619047619,0.8736666666666667
384,0.8926530612244898,0.8923809523809524,0.8743333333333333
385,0.893673469387755,0.8928571428571429,0.875
386,0.8918367346938776,0.8923809523809524,0.8743333333333333
387,0.8922448979591837,0.8914285714285715,0.873
388,0.8910204081632653,0.8933333333333333,0.8743333333333333
389,0.8918367346938776,0.8928571428571429,0.8736666666666667
390,0.8946938775510204,0.8914285714285715,0.8723333333333333
391,0.8920408163265307,0.8928571428571429,0.8736666666666667
392,0.8914285714285715,0.8919047619047619,0.8743333333333333
393,0.8924489795918368,0.8909523809523809,0.8733333333333333
394,0.8914285714285715,0.8923809523809524,0.8726666666666667
395,0.8906122448979592,0.8923809523809524,0.8733333333333333
396,0.8910204081632653,0.8919047619047619,0.874
397,0.893265306122449,0.8909523809523809,0.8726666666666667
398,0.8916326530612245,0.8919047619047619,0.8736666666666667
399,0.8908163265306123,0.8928571428571429,0.874
400,0.8920408163265307,0.8928571428571429,0.8736666666666667
401,0.8904081632653061,0.8919047619047619,0.8733333333333333
402,0.8934693877551021,0.8919047619047619,0.8726666666666667
403,0.893061224489796,0.8928571428571429,0.8726666666666667
404,0.8926530612244898,0.8914285714285715,0.8726666666666667
405,0.8910204081632653,0.8919047619047619,0.872
406,0.8922448979591837,0.8914285714285715,0.8733333333333333
407,0.8902040816326531,0.8919047619047619,0.874
408,0.8912244897959184,0.8909523809523809,0.8723333333333333
409,0.8914285714285715,0.8909523809523809,0.8723333333333333
410,0.8906122448979592,0.8914285714285715,0.8726666666666667
411,0.8906122448979592,0.8904761904761904,0.873
412,0.8902040816326531,0.8923809523809524,0.8733333333333333
413,0.8926530612244898,0.8923809523809524,0.8746666666666667
414,0.8912244897959184,0.8919047619047619,0.8723333333333333
415,0.8918367346938776,0.8904761904761904,0.8726666666666667
416,0.8916326530612245,0.8928571428571429,0.874
417,0.8918367346938776,0.8919047619047619,0.8723333333333333
418,0.8924489795918368,0.8923809523809524,0.874
419,0.8934693877551021,0.8923809523809524,0.8743333333333333
420,0.8910204081632653,0.8914285714285715,0.8726666666666667
421,0.89,0.8923809523809524,0.8736666666666667
422,0.8906122448979592,0.8933333333333333,0.8736666666666667
423,0.8904081632653061,0.8914285714285715,0.8726666666666667
424,0.89,0.8923809523809524,0.8743333333333333
425,0.8924489795918368,0.8923809523809524,0.8743333333333333
426,0.8928571428571429,0.8923809523809524,0.8736666666666667
427,0.8922448979591837,0.8919047619047619,0.8726666666666667
428,0.8926530612244898,0.8928571428571429,0.874
429,0.8920408163265307,0.8923809523809524,0.8736666666666667
430,0.89,0.8923809523809524,0.8726666666666667
431,0.8912244897959184,0.8923809523809524,0.873
432,0.8940816326530612,0.8914285714285715,0.8733333333333333
433,0.8926530612244898,0.8914285714285715,0.8733333333333333
434,0.8912244897959184,0.8923809523809524,0.872
435,0.8918367346938776,0.8914285714285715,0.8726666666666667
436,0.8920408163265307,0.8923809523809524,0.8733333333333333
437,0.8904081632653061,0.8919047619047619,0.8736666666666667
438,0.8918367346938776,0.8928571428571429,0.874
439,0.8904081632653061,0.8919047619047619,0.8733333333333333
440,0.8928571428571429,0.8919047619047619,0.873
441,0.8902040816326531,0.8923809523809524,0.8743333333333333
442,0.8910204081632653,0.8919047619047619,0.8733333333333333
443,0.8914285714285715,0.8923809523809524,0.8736666666666667
444,0.8910204081632653,0.8928571428571429,0.8733333333333333
445,0.8948979591836734,0.8928571428571429,0.8736666666666667
446,0.8908163265306123,0.8923809523809524,0.8736666666666667
447,0.8912244897959184,0.8933333333333333,0.873
448,0.889795918367347,0.8933333333333333,0.8736666666666667
449,0.8914285714285715,0.8923809523809524,0.8743333333333333
450,0.89,0.8919047619047619,0.873
451,0.8904081632653061,0.8933333333333333,0.874
452,0.8912244897959184,0.8914285714285715,0.873
453,0.8934693877551021,0.8923809523809524,0.8743333333333333
454,0.893265306122449,0.8914285714285715,0.873
455,0.8916326530612245,0.8923809523809524,0.874
456,0.8910204081632653,0.8914285714285715,0.8726666666666667
457,0.893673469387755,0.8923809523809524,0.8726666666666667
458,0.8928571428571429,0.8923809523809524,0.8743333333333333
459,0.8918367346938776,0.8928571428571429,0.8746666666666667
460,0.8904081632653061,0.8923809523809524,0.8743333333333333
461,0.8922448979591837,0.8904761904761904,0.873
462,0.8906122448979592,0.8919047619047619,0.874
463,0.8938775510204081,0.8928571428571429,0.8726666666666667
464,0.8908163265306123,0.8928571428571429,0.8743333333333333
465,0.893061224489796,0.8919047619047619,0.8736666666666667
466,0.89,0.8923809523809524,0.8726666666666667
467,0.8918367346938776,0.8914285714285715,0.8726666666666667
468,0.8910204081632653,0.8923809523809524,0.8726666666666667
469,0.8942857142857142,0.8914285714285715,0.8733333333333333
470,0.8924489795918368,0.8914285714285715,0.8733333333333333
471,0.8922448979591837,0.8919047619047619,0.8736666666666667
472,0.8910204081632653,0.8928571428571429,0.8736666666666667
473,0.8910204081632653,0.8914285714285715,0.8723333333333333
474,0.8918367346938776,0.8923809523809524,0.8736666666666667
475,0.8918367346938776,0.8923809523809524,0.8743333333333333
476,0.8920408163265307,0.8923809523809524,0.8736666666666667
477,0.8922448979591837,0.8919047619047619,0.873
478,0.8928571428571429,0.8933333333333333,0.874
479,0.8902040816326531,0.8923809523809524,0.875
480,0.8893877551020408,0.8923809523809524,0.874
481,0.8924489795918368,0.8928571428571429,0.8726666666666667
482,0.8944897959183673,0.8923809523809524,0.8733333333333333
483,0.8928571428571429,0.8914285714285715,0.872
484,0.8928571428571429,0.8919047619047619,0.8736666666666667
485,0.8918367346938776,0.8928571428571429,0.8726666666666667
486,0.8910204081632653,0.8928571428571429,0.8713333333333333
487,0.8904081632653061,0.8923809523809524,0.874
488,0.8924489795918368,0.8923809523809524,0.8736666666666667
489,0.8918367346938776,0.8909523809523809,0.874
490,0.8940816326530612,0.8923809523809524,0.874
491,0.8924489795918368,0.8923809523809524,0.874
492,0.8910204081632653,0.8923809523809524,0.8736666666666667
493,0.8918367346938776,0.8928571428571429,0.873
494,0.8918367346938776,0.8914285714285715,0.8723333333333333
495,0.893673469387755,0.8904761904761904,0.8726666666666667
496,0.8912244897959184,0.8909523809523809,0.8733333333333333
497,0.8908163265306123,0.8923809523809524,0.8723333333333333
498,0.8910204081632653,0.8923809523809524,0.874
499,0.8908163265306123,0.8933333333333333,0.8733333333333333
500,0.8920408163265307,0.8923809523809524,0.873
501,0.8924489795918368,0.8914285714285715,0.8733333333333333
502,0.89,0.8923809523809524,0.873
503,0.8908163265306123,0.8919047619047619,0.8716666666666667
504,0.8910204081632653,0.8923809523809524,0.8733333333333333
505,0.8934693877551021,0.8933333333333333,0.8726666666666667
506,0.8916326530612245,0.8923809523809524,0.874
507,0.8926530612244898,0.8919047619047619,0.874
508,0.8926530612244898,0.8928571428571429,0.873
509,0.8912244897959184,0.8933333333333333,0.8743333333333333
510,0.893265306122449,0.8919047619047619,0.8733333333333333
511,0.8902040816326531,0.8923809523809524,0.875
512,0.893265306122449,0.8923809523809524,0.8726666666666667
513,0.8916326530612245,0.8923809523809524,0.872
514,0.8910204081632653,0.8919047619047619,0.872
515,0.8922448979591837,0.8923809523809524,0.8733333333333333
516,0.8908163265306123,0.8928571428571429,0.875
517,0.8912244897959184,0.8923809523809524,0.8733333333333333
518,0.8920408163265307,0.8919047619047619,0.8733333333333333
519,0.889795918367347,0.8914285714285715,0.8733333333333333
520,0.8918367346938776,0.8914285714285715,0.8743333333333333
521,0.8891836734693878,0.8928571428571429,0.8743333333333333
522,0.889795918367347,0.8919047619047619,0.8733333333333333
523,0.8893877551020408,0.8919047619047619,0.874
524,0.8940816326530612,0.8928571428571429,0.8746666666666667
525,0.8912244897959184,0.8914285714285715,0.8733333333333333
526,0.8916326530612245,0.8919047619047619,0.873
527,0.893673469387755,0.8923809523809524,0.8716666666666667
528,0.8924489795918368,0.8923809523809524,0.8733333333333333
529,0.8922448979591837,0.8919047619047619,0.8736666666666667
530,0.8908163265306123,0.8923809523809524,0.873
531,0.8895918367346939,0.8909523809523809,0.8736666666666667
532,0.8914285714285715,0.8919047619047619,0.873
533,0.8887755102040816,0.8919047619047619,0.8733333333333333
534,0.8926530612244898,0.8923809523809524,0.8723333333333333
535,0.8920408163265307,0.8923809523809524,0.8726666666666667
536,0.8908163265306123,0.8909523809523809,0.8746666666666667
537,0.8906122448979592,0.8914285714285715,0.875
538,0.8891836734693878,0.8928571428571429,0.8733333333333333
539,0.8893877551020408,0.8923809523809524,0.873
540,0.8926530612244898,0.8928571428571429,0.8736666666666667
541,0.8934693877551021,0.8923809523809524,0.8736666666666667
542,0.8926530612244898,0.8919047619047619,0.8733333333333333
543,0.8922448979591837,0.8928571428571429,0.8736666666666667
544,0.8904081632653061,0.8923809523809524,0.874
545,0.8910204081632653,0.8919047619047619,0.8713333333333333
546,0.8916326530612245,0.8923809523809524,0.8733333333333333
547,0.8920408163265307,0.8923809523809524,0.874
548,0.8924489795918368,0.8914285714285715,0.8733333333333333
549,0.8920408163265307,0.8919047619047619,0.8736666666666667
550,0.8914285714285715,0.8914285714285715,0.8726666666666667
551,0.8904081632653061,0.8919047619047619,0.8733333333333333
552,0.8904081632653061,0.8909523809523809,0.8733333333333333
553,0.8893877551020408,0.8923809523809524,0.874
554,0.8881632653061224,0.8928571428571429,0.8733333333333333
555,0.8922448979591837,0.8919047619047619,0.8736666666666667
556,0.89,0.8928571428571429,0.871
557,0.8906122448979592,0.8928571428571429,0.873
558,0.8942857142857142,0.8923809523809524,0.874
559,0.8918367346938776,0.8923809523809524,0.8736666666666667
560,0.8891836734693878,0.8923809523809524,0.8716666666666667
561,0.8906122448979592,0.8919047619047619,0.8746666666666667
562,0.8916326530612245,0.8919047619047619,0.8736666666666667
563,0.8912244897959184,0.8919047619047619,0.873
564,0.8902040816326531,0.8914285714285715,0.8723333333333333
565,0.89,0.8919047619047619,0.8736666666666667
566,0.8885714285714286,0.8933333333333333,0.8726666666666667
567,0.8902040816326531,0.8923809523809524,0.8743333333333333
568,0.8926530612244898,0.8923809523809524,0.874
569,0.89,0.8909523809523809,0.8736666666666667
570,0.889795918367347,0.8919047619047619,0.8716666666666667
571,0.8914285714285715,0.8928571428571429,0.874
572,0.893673469387755,0.8914285714285715,0.8736666666666667
573,0.8887755102040816,0.8904761904761904,0.873
574,0.8881632653061224,0.8909523809523809,0.8733333333333333
575,0.8914285714285715,0.8928571428571429,0.874
576,0.893265306122449,0.8933333333333333,0.873
577,0.8914285714285715,0.8923809523809524,0.8746666666666667
578,0.8926530612244898,0.8938095238095238,0.8743333333333333
579,0.8883673469387755,0.8928571428571429,0.8743333333333333
580,0.8906122448979592,0.8923809523809524,0.8736666666666667
581,0.8885714285714286,0.8923809523809524,0.874
582,0.8908163265306123,0.8928571428571429,0.874
583,0.8895918367346939,0.8919047619047619,0.8733333333333333
584,0.889795918367347,0.8919047619047619,0.874
585,0.8928571428571429,0.8909523809523809,0.8733333333333333
586,0.889795918367347,0.8919047619047619,0.8723333333333333
587,0.8908163265306123,0.8923809523809524,0.8733333333333333
588,0.8914285714285715,0.8914285714285715,0.873
589,0.8924489795918368,0.8928571428571429,0.8736666666666667
590,0.8891836734693878,0.8919047619047619,0.8743333333333333
591,0.8910204081632653,0.8933333333333333,0.8736666666666667
592,0.8908163265306123,0.8923809523809524,0.8726666666666667
593,0.893061224489796,0.8923809523809524,0.8733333333333333
594,0.8906122448979592,0.8919047619047619,0.8733333333333333
595,0.8914285714285715,0.8923809523809524,0.8726666666666667
596,0.8910204081632653,0.8914285714285715,0.872
597,0.8908163265306123,0.8923809523809524,0.8736666666666667
598,0.8891836734693878,0.8909523809523809,0.8726666666666667
599,0.8904081632653061,0.8919047619047619,0.873
600,0.8916326530612245,0.8904761904761904,0.873
601,0.8895918367346939,0.8928571428571429,0.872
602,0.8920408163265307,0.8928571428571429,0.873
603,0.8918367346938776,0.8928571428571429,0.8746666666666667
604,0.8902040816326531,0.8923809523809524,0.8736666666666667
605,0.8906122448979592,0.8904761904761904,0.872
606,0.8910204081632653,0.8928571428571429,0.8733333333333333
607,0.8904081632653061,0.8914285714285715,0.8723333333333333
608,0.8910204081632653,0.8919047619047619,0.873
609,0.8914285714285715,0.8923809523809524,0.874
610,0.889795918367347,0.8923809523809524,0.874
611,0.8912244897959184,0.8923809523809524,0.8743333333333333
612,0.8934693877551021,0.8923809523809524,0.8743333333333333
613,0.8912244897959184,0.8904761904761904,0.8736666666666667
614,0.8902040816326531,0.8928571428571429,0.874
615,0.8908163265306123,0.8923809523809524,0.8736666666666667
616,0.8910204081632653,0.8923809523809524,0.874
617,0.8938775510204081,0.8914285714285715,0.8733333333333333
618,0.89,0.8928571428571429,0.8736666666666667
619,0.8928571428571429,0.8919047619047619,0.8723333333333333
620,0.8928571428571429,0.8923809523809524,0.874
621,0.8914285714285715,0.8914285714285715,0.8726666666666667
622,0.8912244897959184,0.8914285714285715,0.8733333333333333
623,0.8918367346938776,0.8909523809523809,0.8723333333333333
624,0.8904081632653061,0.8923809523809524,0.8736666666666667
625,0.8895918367346939,0.8928571428571429,0.8743333333333333
626,0.8912244897959184,0.8928571428571429,0.8726666666666667
627,0.8893877551020408,0.8923809523809524,0.874
628,0.889795918367347,0.8914285714285715,0.8723333333333333
629,0.889795918367347,0.8914285714285715,0.8733333333333333
630,0.8908163265306123,0.8923809523809524,0.8746666666666667
631,0.8926530612244898,0.8919047619047619,0.8723333333333333
632,0.8928571428571429,0.8919047619047619,0.8736666666666667
633,0.893265306122449,0.8904761904761904,0.8726666666666667
634,0.889795918367347,0.8914285714285715,0.8723333333333333
635,0.893061224489796,0.8923809523809524,0.8743333333333333
636,0.8910204081632653,0.8914285714285715,0.873
637,0.8904081632653061,0.8914285714285715,0.8726666666666667
638,0.8904081632653061,0.8923809523809524,0.8743333333333333
639,0.8914285714285715,0.8919047619047619,0.8736666666666667
640,0.8926530612244898,0.8909523809523809,0.8726666666666667
641,0.89,0.8928571428571429,0.8733333333333333
642,0.8928571428571429,0.8923809523809524,0.8736666666666667
643,0.89,0.8923809523809524,0.8743333333333333
644,0.8922448979591837,0.8919047619047619,0.8726666666666667
645,0.8914285714285715,0.8923809523809524,0.8716666666666667
646,0.8910204081632653,0.8923809523809524,0.8716666666666667
647,0.8902040816326531,0.8928571428571429,0.8723333333333333
648,0.8906122448979592,0.8919047619047619,0.8736666666666667
649,0.8916326530612245,0.8904761904761904,0.8736666666666667
650,0.893673469387755,0.8914285714285715,0.874
651,0.8916326530612245,0.8919047619047619,0.8733333333333333
652,0.8918367346938776,0.8919047619047619,0.874
653,0.8918367346938776,0.8928571428571429,0.8733333333333333
654,0.8902040816326531,0.8914285714285715,0.873
655,0.8918367346938776,0.8919047619047619,0.8723333333333333
656,0.8908163265306123,0.8923809523809524,0.8743333333333333
657,0.8906122448979592,0.8909523809523809,0.8736666666666667
658,0.8902040816326531,0.8909523809523809,0.8726666666666667
659,0.8906122448979592,0.8919047619047619,0.8723333333333333
660,0.889795918367347,0.8914285714285715,0.872
661,0.8934693877551021,0.8904761904761904,0.874
662,0.893265306122449,0.8928571428571429,0.8746666666666667
663,0.89,0.8919047619047619,0.8736666666666667
664,0.8922448979591837,0.8923809523809524,0.8736666666666667
665,0.8918367346938776,0.8923809523809524,0.8746666666666667
666,0.89,0.8923809523809524,0.8733333333333333
667,0.8920408163265307,0.8914285714285715,0.8726666666666667
668,0.8904081632653061,0.8923809523809524,0.8726666666666667
669,0.8902040816326531,0.8919047619047619,0.8726666666666667
670,0.8914285714285715,0.8923809523809524,0.8736666666666667
671,0.8920408163265307,0.8923809523809524,0.874
672,0.8928571428571429,0.8928571428571429,0.8736666666666667
673,0.8891836734693878,0.8923809523809524,0.8726666666666667
674,0.8922448979591837,0.8919047619047619,0.873
675,0.8918367346938776,0.8928571428571429,0.874
676,0.89,0.8914285714285715,0.8726666666666667
677,0.8893877551020408,0.8919047619047619,0.874
678,0.8916326530612245,0.8928571428571429,0.8716666666666667
679,0.8918367346938776,0.8923809523809524,0.8736666666666667
680,0.89,0.8923809523809524,0.8733333333333333
681,0.8910204081632653,0.8923809523809524,0.8736666666666667
682,0.893265306122449,0.8904761904761904,0.8723333333333333
683,0.8914285714285715,0.8923809523809524,0.873
684,0.8916326530612245,0.8923809523809524,0.8743333333333333
685,0.8934693877551021,0.8914285714285715,0.8733333333333333
686,0.8889795918367347,0.8923809523809524,0.8726666666666667
687,0.89,0.8923809523809524,0.8743333333333333
688,0.8887755102040816,0.8923809523809524,0.8733333333333333
689,0.8912244897959184,0.8919047619047619,0.8733333333333333
690,0.8924489795918368,0.8923809523809524,0.875
691,0.8946938775510204,0.8923809523809524,0.873
692,0.8910204081632653,0.8919047619047619,0.8723333333333333
693,0.8902040816326531,0.8923809523809524,0.872
694,0.8928571428571429,0.8909523809523809,0.8756666666666667
695,0.8914285714285715,0.8919047619047619,0.8726666666666667
696,0.8910204081632653,0.8923809523809524,0.8726666666666667
697,0.8914285714285715,0.8914285714285715,0.8746666666666667
698,0.8912244897959184,0.8914285714285715,0.8726666666666667
699,0.8916326530612245,0.8909523809523809,0.873
700,0.8916326530612245,0.8909523809523809,0.873
701,0.8906122448979592,0.8909523809523809,0.873
702,0.8926530612244898,0.8914285714285715,0.8736666666666667
703,0.89,0.8914285714285715,0.873
704,0.8914285714285715,0.8923809523809524,0.8733333333333333
705,0.89,0.8923809523809524,0.8733333333333333
706,0.8926530612244898,0.8919047619047619,0.8726666666666667
707,0.8922448979591837,0.8928571428571429,0.8746666666666667
708,0.8926530612244898,0.8919047619047619,0.8733333333333333
709,0.8914285714285715,0.8909523809523809,0.8733333333333333
710,0.8902040816326531,0.8914285714285715,0.8733333333333333
711,0.8918367346938776,0.8933333333333333,0.874
712,0.8912244897959184,0.8914285714285715,0.873
713,0.8916326530612245,0.8919047619047619,0.8733333333333333
714,0.8926530612244898,0.8928571428571429,0.8733333333333333
715,0.8873469387755102,0.8914285714285715,0.8723333333333333
716,0.8914285714285715,0.8923809523809524,0.874
717,0.8916326530612245,0.8919047619047619,0.8726666666666667
718,0.8902040816326531,0.8914285714285715,0.8733333333333333
719,0.8926530612244898,0.8923809523809524,0.8726666666666667
720,0.8918367346938776,0.8914285714285715,0.8723333333333333
721,0.8934693877551021,0.8928571428571429,0.874
722,0.8916326530612245,0.8914285714285715,0.8723333333333333
723,0.89,0.8914285714285715,0.872
724,0.8877551020408163,0.8919047619047619,0.8716666666666667
725,0.8926530612244898,0.8909523809523809,0.8726666666666667
726,0.8926530612244898,0.8928571428571429,0.874
727,0.8918367346938776,0.8914285714285715,0.873
728,0.8938775510204081,0.8909523809523809,0.8736666666666667
729,0.8918367346938776,0.8909523809523809,0.8733333333333333
730,0.8916326530612245,0.8928571428571429,0.8743333333333333
731,0.8926530612244898,0.8914285714285715,0.872
732,0.8914285714285715,0.8919047619047619,0.8736666666666667
733,0.8908163265306123,0.8928571428571429,0.873
734,0.8912244897959184,0.8923809523809524,0.8743333333333333
735,0.8916326530612245,0.8919047619047619,0.873
736,0.8926530612244898,0.8923809523809524,0.8733333333333333
737,0.8906122448979592,0.8923809523809524,0.8726666666666667
738,0.8912244897959184,0.8923809523809524,0.8736666666666667
739,0.8906122448979592,0.8928571428571429,0.8736666666666667
740,0.8889795918367347,0.8928571428571429,0.8743333333333333
741,0.8914285714285715,0.8923809523809524,0.8736666666666667
742,0.8918367346938776,0.8928571428571429,0.8733333333333333
743,0.8891836734693878,0.8933333333333333,0.8736666666666667
744,0.8912244897959184,0.8914285714285715,0.8733333333333333
745,0.8916326530612245,0.8914285714285715,0.874
746,0.893061224489796,0.8923809523809524,0.8733333333333333
747,0.8904081632653061,0.8923809523809524,0.8736666666666667
748,0.8910204081632653,0.8919047619047619,0.874
749,0.8904081632653061,0.8914285714285715,0.8723333333333333
750,0.8916326530612245,0.8923809523809524,0.8726666666666667
751,0.8891836734693878,0.8919047619047619,0.8723333333333333
752,0.8928571428571429,0.8919047619047619,0.8723333333333333
753,0.8922448979591837,0.8923809523809524,0.874
754,0.8955102040816326,0.8923809523809524,0.8736666666666667
755,0.8924489795918368,0.8928571428571429,0.8716666666666667
756,0.8912244897959184,0.8928571428571429,0.872
757,0.8914285714285715,0.8914285714285715,0.873
758,0.8914285714285715,0.89,0.8726666666666667
759,0.8926530612244898,0.8909523809523809,0.8733333333333333
760,0.8908163265306123,0.8923809523809524,0.8743333333333333
761,0.8918367346938776,0.8928571428571429,0.8743333333333333
762,0.8914285714285715,0.8923809523809524,0.8743333333333333
763,0.8902040816326531,0.8928571428571429,0.8746666666666667
764,0.8912244897959184,0.8919047619047619,0.8726666666666667
765,0.8908163265306123,0.8909523809523809,0.8723333333333333
766,0.893061224489796,0.8923809523809524,0.874
767,0.8916326530612245,0.8914285714285715,0.8726666666666667
768,0.8922448979591837,0.8919047619047619,0.8726666666666667
769,0.89,0.8919047619047619,0.8723333333333333
770,0.8926530612244898,0.8923809523809524,0.8746666666666667
771,0.8908163265306123,0.8923809523809524,0.8726666666666667
772,0.8914285714285715,0.8919047619047619,0.8726666666666667
773,0.8902040816326531,0.8933333333333333,0.8736666666666667
774,0.8906122448979592,0.8923809523809524,0.874
775,0.89,0.8919047619047619,0.8736666666666667
776,0.8918367346938776,0.8919047619047619,0.872
777,0.8893877551020408,0.8919047619047619,0.8723333333333333
778,0.8920408163265307,0.8909523809523809,0.8736666666666667
779,0.8910204081632653,0.8914285714285715,0.8736666666666667
780,0.8895918367346939,0.8914285714285715,0.874
781,0.8912244897959184,0.8914285714285715,0.8733333333333333
782,0.8916326530612245,0.8923809523809524,0.874
783,0.8916326530612245,0.8909523809523809,0.874
784,0.8904081632653061,0.8919047619047619,0.873
785,0.8912244897959184,0.8919047619047619,0.873
786,0.8889795918367347,0.8919047619047619,0.8746666666666667
787,0.893265306122449,0.8919047619047619,0.8733333333333333
788,0.8910204081632653,0.8914285714285715,0.8723333333333333
789,0.8891836734693878,0.8909523809523809,0.8736666666666667
790,0.893673469387755,0.8928571428571429,0.8726666666666667
791,0.8912244897959184,0.8928571428571429,0.8736666666666667
792,0.8916326530612245,0.8919047619047619,0.874
793,0.8924489795918368,0.8923809523809524,0.8726666666666667
794,0.8904081632653061,0.8909523809523809,0.874
795,0.8934693877551021,0.8928571428571429,0.874
796,0.8902040816326531,0.8923809523809524,0.8726666666666667
797,0.8920408163265307,0.8914285714285715,0.8726666666666667
798,0.8910204081632653,0.8933333333333333,0.8723333333333333
799,0.8895918367346939,0.8923809523809524,0.8736666666666667
800,0.8914285714285715,0.8923809523809524,0.873
801,0.8908163265306123,0.8919047619047619,0.872
802,0.89,0.8914285714285715,0.8723333333333333
803,0.8914285714285715,0.8923809523809524,0.874
804,0.8902040816326531,0.8928571428571429,0.8743333333333333
805,0.8922448979591837,0.8919047619047619,0.8733333333333333
806,0.8918367346938776,0.8919047619047619,0.8723333333333333
807,0.893673469387755,0.8909523809523809,0.874
808,0.8908163265306123,0.8923809523809524,0.8716666666666667
809,0.8908163265306123,0.8928571428571429,0.8733333333333333
810,0.8912244897959184,0.8914285714285715,0.8733333333333333
811,0.8926530612244898,0.8923809523809524,0.8723333333333333
812,0.8920408163265307,0.8914285714285715,0.873
813,0.8912244897959184,0.8904761904761904,0.8733333333333333
814,0.8916326530612245,0.8923809523809524,0.8743333333333333
815,0.8922448979591837,0.8923809523809524,0.8746666666666667
816,0.8948979591836734,0.8928571428571429,0.872
817,0.8916326530612245,0.8919047619047619,0.873
818,0.8891836734693878,0.8928571428571429,0.8736666666666667
819,0.8906122448979592,0.8904761904761904,0.8733333333333333
820,0.8914285714285715,0.8923809523809524,0.8733333333333333
821,0.8908163265306123,0.8933333333333333,0.8743333333333333
822,0.893673469387755,0.8928571428571429,0.8733333333333333
823,0.8920408163265307,0.8914285714285715,0.873
824,0.8914285714285715,0.8914285714285715,0.8726666666666667
825,0.8902040816326531,0.8919047619047619,0.8733333333333333
826,0.8914285714285715,0.8928571428571429,0.8733333333333333
827,0.889795918367347,0.8923809523809524,0.8733333333333333
828,0.8910204081632653,0.8928571428571429,0.8736666666666667
829,0.8924489795918368,0.8923809523809524,0.8753333333333333
830,0.889795918367347,0.8923809523809524,0.8733333333333333
831,0.8895918367346939,0.8923809523809524,0.8726666666666667
832,0.8906122448979592,0.8919047619047619,0.873
833,0.8906122448979592,0.8923809523809524,0.8736666666666667
834,0.8906122448979592,0.8914285714285715,0.873
835,0.8904081632653061,0.8914285714285715,0.8726666666666667
836,0.8946938775510204,0.8928571428571429,0.8733333333333333
837,0.8914285714285715,0.8919047619047619,0.8726666666666667
838,0.893061224489796,0.8923809523809524,0.8733333333333333
839,0.8924489795918368,0.8928571428571429,0.875
840,0.8912244897959184,0.8909523809523809,0.873
841,0.8926530612244898,0.8914285714285715,0.8726666666666667
842,0.8914285714285715,0.8919047619047619,0.872
843,0.8902040816326531,0.8909523809523809,0.8733333333333333
844,0.889795918367347,0.8914285714285715,0.8736666666666667
845,0.8920408163265307,0.8923809523809524,0.8736666666666667
846,0.889795918367347,0.8914285714285715,0.8733333333333333
847,0.8926530612244898,0.8904761904761904,0.8733333333333333
848,0.893265306122449,0.8928571428571429,0.874
849,0.893061224489796,0.8919047619047619,0.873
850,0.8902040816326531,0.8928571428571429,0.8743333333333333
851,0.8902040816326531,0.8919047619047619,0.8743333333333333
852,0.893673469387755,0.8919047619047619,0.874
853,0.8916326530612245,0.8919047619047619,0.8726666666666667
854,0.8922448979591837,0.8919047619047619,0.8726666666666667
855,0.8914285714285715,0.8904761904761904,0.8743333333333333
856,0.8926530612244898,0.8914285714285715,0.8726666666666667
857,0.8940816326530612,0.8928571428571429,0.8733333333333333
858,0.8916326530612245,0.8919047619047619,0.8743333333333333
859,0.8902040816326531,0.8919047619047619,0.8726666666666667
860,0.8918367346938776,0.8914285714285715,0.8743333333333333
861,0.8904081632653061,0.8923809523809524,0.874
862,0.893061224489796,0.8919047619047619,0.874
863,0.8910204081632653,0.8914285714285715,0.873
864,0.8920408163265307,0.8923809523809524,0.8743333333333333
865,0.8910204081632653,0.8919047619047619,0.8723333333333333
866,0.8906122448979592,0.8914285714285715,0.872
867,0.8948979591836734,0.8923809523809524,0.872
868,0.8918367346938776,0.8904761904761904,0.8743333333333333
869,0.8910204081632653,0.8909523809523809,0.873
870,0.8922448979591837,0.8914285714285715,0.872
871,0.8926530612244898,0.8919047619047619,0.8726666666666667
872,0.8914285714285715,0.8923809523809524,0.874
873,0.8922448979591837,0.8928571428571429,0.8743333333333333
874,0.8910204081632653,0.8923809523809524,0.873
875,0.8942857142857142,0.8928571428571429,0.8733333333333333
876,0.8924489795918368,0.8928571428571429,0.874
877,0.889795918367347,0.8923809523809524,0.8733333333333333
878,0.8938775510204081,0.8928571428571429,0.873
879,0.8922448979591837,0.8923809523809524,0.8733333333333333
880,0.8912244897959184,0.8904761904761904,0.8743333333333333
881,0.8895918367346939,0.8923809523809524,0.873
882,0.8928571428571429,0.8923809523809524,0.8723333333333333
883,0.8902040816326531,0.8919047619047619,0.8753333333333333
884,0.8922448979591837,0.8923809523809524,0.8736666666666667
885,0.8924489795918368,0.8919047619047619,0.8723333333333333
886,0.8881632653061224,0.8914285714285715,0.8733333333333333
887,0.8910204081632653,0.8914285714285715,0.872
888,0.8906122448979592,0.8923809523809524,0.8736666666666667
889,0.893265306122449,0.8914285714285715,0.8723333333333333
890,0.8912244897959184,0.8914285714285715,0.8733333333333333
891,0.8916326530612245,0.8919047619047619,0.874
892,0.893061224489796,0.8933333333333333,0.873
893,0.8914285714285715,0.8928571428571429,0.8743333333333333
894,0.8912244897959184,0.8928571428571429,0.875
895,0.8891836734693878,0.8923809523809524,0.8736666666666667
896,0.8916326530612245,0.8919047619047619,0.873
897,0.8914285714285715,0.8923809523809524,0.8723333333333333
898,0.8922448979591837,0.8909523809523809,0.8743333333333333
899,0.8918367346938776,0.8919047619047619,0.8723333333333333
900,0.89,0.8909523809523809,0.8733333333333333
901,0.8920408163265307,0.8909523809523809,0.8723333333333333
902,0.8910204081632653,0.8914285714285715,0.8726666666666667
903,0.8918367346938776,0.8923809523809524,0.8733333333333333
904,0.8912244897959184,0.8923809523809524,0.8743333333333333
905,0.8924489795918368,0.8923809523809524,0.8736666666666667
906,0.8924489795918368,0.8923809523809524,0.8726666666666667
907,0.8902040816326531,0.8923809523809524,0.874
908,0.8920408163265307,0.8923809523809524,0.8736666666666667
909,0.889795918367347,0.8928571428571429,0.8753333333333333
910,0.8916326530612245,0.8914285714285715,0.873
911,0.8928571428571429,0.8933333333333333,0.8723333333333333
912,0.8924489795918368,0.8919047619047619,0.874
913,0.8908163265306123,0.8923809523809524,0.873
914,0.8916326530612245,0.8923809523809524,0.8733333333333333
915,0.8914285714285715,0.8928571428571429,0.8736666666666667
916,0.8883673469387755,0.8923809523809524,0.875
917,0.889795918367347,0.8923809523809524,0.8736666666666667
918,0.8916326530612245,0.8919047619047619,0.8743333333333333
919,0.8908163265306123,0.8919047619047619,0.8736666666666667
920,0.8918367346938776,0.8919047619047619,0.8723333333333333
921,0.8916326530612245,0.8933333333333333,0.8736666666666667
922,0.8918367346938776,0.8923809523809524,0.8736666666666667
923,0.8906122448979592,0.8923809523809524,0.8733333333333333
924,0.8910204081632653,0.8909523809523809,0.872
925,0.8922448979591837,0.8923809523809524,0.8733333333333333
926,0.8910204081632653,0.8923809523809524,0.8726666666666667
927,0.8891836734693878,0.8923809523809524,0.8733333333333333
928,0.8922448979591837,0.8933333333333333,0.8733333333333333
929,0.8926530612244898,0.8923809523809524,0.874
930,0.8912244897959184,0.8923809523809524,0.8736666666666667
931,0.8922448979591837,0.8923809523809524,0.8743333333333333
932,0.8916326530612245,0.8919047619047619,0.8733333333333333
933,0.8922448979591837,0.8923809523809524,0.874
934,0.8924489795918368,0.8923809523809524,0.874
935,0.8891836734693878,0.8914285714285715,0.8733333333333333
936,0.89,0.8928571428571429,0.8736666666666667
937,0.8902040816326531,0.8923809523809524,0.8736666666666667
938,0.89,0.8919047619047619,0.873
939,0.8889795918367347,0.8919047619047619,0.874
940,0.8908163265306123,0.8914285714285715,0.873
941,0.8926530612244898,0.8914285714285715,0.8733333333333333
942,0.8906122448979592,0.8923809523809524,0.871
943,0.8922448979591837,0.8928571428571429,0.8723333333333333
944,0.8946938775510204,0.8923809523809524,0.8736666666666667
945,0.8918367346938776,0.8919047619047619,0.8733333333333333
946,0.8944897959183673,0.8923809523809524,0.8736666666666667
947,0.8926530612244898,0.8914285714285715,0.8723333333333333
948,0.8916326530612245,0.8923809523809524,0.8723333333333333
949,0.893265306122449,0.8919047619047619,0.873
950,0.8912244897959184,0.8909523809523809,0.8723333333333333
951,0.8916326530612245,0.8914285714285715,0.874
952,0.8926530612244898,0.8914285714285715,0.873
953,0.8908163265306123,0.8919047619047619,0.8726666666666667
954,0.893061224489796,0.8914285714285715,0.8726666666666667
955,0.8910204081632653,0.8919047619047619,0.8726666666666667
956,0.893265306122449,0.8923809523809524,0.8726666666666667
957,0.8918367346938776,0.8914285714285715,0.874
958,0.8920408163265307,0.8923809523809524,0.872
959,0.8922448979591837,0.8919047619047619,0.873
960,0.8916326530612245,0.8923809523809524,0.8733333333333333
961,0.893061224489796,0.8923809523809524,0.874
962,0.8926530612244898,0.8928571428571429,0.8736666666666667
963,0.8920408163265307,0.8923809523809524,0.8723333333333333
964,0.8926530612244898,0.8923809523809524,0.874
965,0.8910204081632653,0.8904761904761904,0.8723333333333333
966,0.8920408163265307,0.8919047619047619,0.8723333333333333
967,0.8922448979591837,0.8928571428571429,0.874
968,0.8912244897959184,0.8923809523809524,0.874
969,0.8918367346938776,0.8919047619047619,0.873
970,0.8922448979591837,0.8919047619047619,0.8726666666666667
971,0.8914285714285715,0.8928571428571429,0.8733333333333333
972,0.8908163265306123,0.8919047619047619,0.8726666666666667
973,0.8902040816326531,0.8933333333333333,0.8736666666666667
974,0.8934693877551021,0.8919047619047619,0.8716666666666667
975,0.8918367346938776,0.8928571428571429,0.874
976,0.8914285714285715,0.8914285714285715,0.8733333333333333
977,0.8922448979591837,0.8923809523809524,0.8736666666666667
978,0.8914285714285715,0.8919047619047619,0.8733333333333333
979,0.8922448979591837,0.8933333333333333,0.874
980,0.8910204081632653,0.8923809523809524,0.8743333333333333
981,0.8938775510204081,0.8928571428571429,0.8736666666666667
982,0.8924489795918368,0.8919047619047619,0.8726666666666667
983,0.89,0.8923809523809524,0.874
984,0.8908163265306123,0.8928571428571429,0.8743333333333333
985,0.8922448979591837,0.8928571428571429,0.874
986,0.8918367346938776,0.8919047619047619,0.8733333333333333
987,0.8893877551020408,0.8914285714285715,0.873
988,0.893061224489796,0.8923809523809524,0.8743333333333333
989,0.8885714285714286,0.8933333333333333,0.8733333333333333
990,0.8922448979591837,0.8919047619047619,0.8736666666666667
991,0.8891836734693878,0.8919047619047619,0.8723333333333333
992,0.8924489795918368,0.8923809523809524,0.873
993,0.893061224489796,0.8919047619047619,0.8736666666666667
994,0.8946938775510204,0.8928571428571429,0.8733333333333333
995,0.8920408163265307,0.8919047619047619,0.873
996,0.8934693877551021,0.8923809523809524,0.8746666666666667
997,0.8922448979591837,0.8928571428571429,0.8723333333333333
998,0.8902040816326531,0.8923809523809524,0.874
999,0.8926530612244898,0.8914285714285715,0.8723333333333333
1000,0.8922448979591837,0.8923809523809524,0.8743333333333333
1001,0.8922448979591837,0.8919047619047619,0.8723333333333333
1002,0.889795918367347,0.8923809523809524,0.8746666666666667
1003,0.89,0.8923809523809524,0.874
1004,0.8904081632653061,0.8919047619047619,0.875
1005,0.893061224489796,0.8923809523809524,0.875
1006,0.8904081632653061,0.8914285714285715,0.873
1007,0.8918367346938776,0.8904761904761904,0.8733333333333333
1008,0.8908163265306123,0.8914285714285715,0.8726666666666667
1009,0.8906122448979592,0.8923809523809524,0.8723333333333333
1010,0.8916326530612245,0.8919047619047619,0.873
1011,0.8928571428571429,0.8923809523809524,0.8723333333333333
1012,0.8910204081632653,0.8914285714285715,0.8736666666666667
1013,0.8920408163265307,0.8923809523809524,0.8733333333333333
1014,0.8910204081632653,0.8909523809523809,0.8746666666666667
1015,0.8910204081632653,0.8923809523809524,0.8746666666666667
1016,0.8895918367346939,0.8919047619047619,0.8726666666666667
1017,0.8940816326530612,0.8923809523809524,0.873
1018,0.8902040816326531,0.8923809523809524,0.8736666666666667
1019,0.8904081632653061,0.8928571428571429,0.8733333333333333
1020,0.8916326530612245,0.8919047619047619,0.8733333333333333
1021,0.8922448979591837,0.8919047619047619,0.8733333333333333
1022,0.893265306122449,0.8923809523809524,0.8736666666666667
1023,0.8916326530612245,0.8923809523809524,0.8736666666666667
1024,0.893061224489796,0.8914285714285715,0.8723333333333333
1025,0.8940816326530612,0.8914285714285715,0.873
1026,0.8916326530612245,0.8928571428571429,0.8733333333333333
1027,0.8920408163265307,0.8914285714285715,0.8723333333333333
1028,0.8928571428571429,0.8923809523809524,0.8736666666666667
1029,0.8902040816326531,0.8923809523809524,0.8733333333333333
1030,0.8918367346938776,0.8933333333333333,0.873
1031,0.8908163265306123,0.8919047619047619,0.8723333333333333
1032,0.89,0.8923809523809524,0.8743333333333333
1033,0.89,0.8904761904761904,0.8733333333333333
1034,0.8893877551020408,0.8909523809523809,0.8726666666666667
1035,0.893673469387755,0.8923809523809524,0.8743333333333333
1036,0.8910204081632653,0.8923809523809524,0.8733333333333333
1037,0.8922448979591837,0.8914285714285715,0.8726666666666667
1038,0.8942857142857142,0.8919047619047619,0.8726666666666667
1039,0.893265306122449,0.8923809523809524,0.8726666666666667
1040,0.8877551020408163,0.8914285714285715,0.873
1041,0.8902040816326531,0.8914285714285715,0.8736666666666667
1042,0.8916326530612245,0.8933333333333333,0.8733333333333333
1043,0.8916326530612245,0.8923809523809524,0.8736666666666667
1044,0.8918367346938776,0.8919047619047619,0.873
1045,0.8924489795918368,0.8923809523809524,0.873
1046,0.8902040816326531,0.8914285714285715,0.8723333333333333
1047,0.8906122448979592,0.8923809523809524,0.8743333333333333
1048,0.8920408163265307,0.8923809523809524,0.8733333333333333
1049,0.8908163265306123,0.8928571428571429,0.8743333333333333
1050,0.8910204081632653,0.8904761904761904,0.873
1051,0.8908163265306123,0.8923809523809524,0.8736666666666667
1052,0.8914285714285715,0.8923809523809524,0.873
1053,0.8912244897959184,0.8928571428571429,0.8713333333333333
1054,0.8920408163265307,0.8914285714285715,0.8723333333333333
1055,0.8924489795918368,0.8919047619047619,0.8726666666666667
1056,0.8920408163265307,0.8909523809523809,0.8733333333333333
1057,0.8928571428571429,0.8919047619047619,0.8733333333333333
1058,0.8942857142857142,0.8919047619047619,0.874
1059,0.889795918367347,0.8923809523809524,0.8723333333333333
1060,0.8910204081632653,0.8923809523809524,0.8733333333333333
1061,0.8916326530612245,0.8914285714285715,0.8726666666666667
1062,0.893673469387755,0.8904761904761904,0.874
1063,0.8924489795918368,0.8914285714285715,0.8733333333333333
1064,0.8916326530612245,0.8928571428571429,0.8723333333333333
1065,0.8928571428571429,0.8928571428571429,0.874
1066,0.8918367346938776,0.8928571428571429,0.8736666666666667
1067,0.8922448979591837,0.8923809523809524,0.8746666666666667
1068,0.893265306122449,0.8919047619047619,0.8736666666666667
1069,0.8916326530612245,0.8919047619047619,0.8746666666666667
1070,0.8912244897959184,0.8919047619047619,0.8723333333333333
1071,0.8902040816326531,0.8909523809523809,0.873
1072,0.893061224489796,0.8914285714285715,0.8723333333333333
1073,0.8912244897959184,0.8923809523809524,0.8726666666666667
1074,0.8924489795918368,0.8923809523809524,0.8733333333333333
1075,0.8912244897959184,0.8919047619047619,0.873
1076,0.8906122448979592,0.8919047619047619,0.8736666666666667
1077,0.8912244897959184,0.8904761904761904,0.8726666666666667
1078,0.8908163265306123,0.8909523809523809,0.873
1079,0.8902040816326531,0.8923809523809524,0.8733333333333333
1080,0.889795918367347,0.8923809523809524,0.8746666666666667
1081,0.8910204081632653,0.8909523809523809,0.872
1082,0.8916326530612245,0.8919047619047619,0.874
1083,0.8918367346938776,0.8928571428571429,0.874
1084,0.8918367346938776,0.8919047619047619,0.873
1085,0.893061224489796,0.8919047619047619,0.8723333333333333
1086,0.89,0.8933333333333333,0.873
1087,0.8922448979591837,0.8923809523809524,0.8736666666666667
1088,0.8951020408163265,0.8919047619047619,0.8736666666666667
1089,0.8906122448979592,0.8919047619047619,0.872
1090,0.8912244897959184,0.8928571428571429,0.8723333333333333
1091,0.8914285714285715,0.8909523809523809,0.8726666666666667
1092,0.8895918367346939,0.8919047619047619,0.8736666666666667
1093,0.8926530612244898,0.8914285714285715,0.8736666666666667
1094,0.8928571428571429,0.8919047619047619,0.8723333333333333
1095,0.8912244897959184,0.8919047619047619,0.8726666666666667
1096,0.8906122448979592,0.8914285714285715,0.873
1097,0.8908163265306123,0.8909523809523809,0.8743333333333333
1098,0.889795918367347,0.8919047619047619,0.8733333333333333
1099,0.8928571428571429,0.8919047619047619,0.8723333333333333
1100,0.8910204081632653,0.8923809523809524,0.8743333333333333
1101,0.8906122448979592,0.8914285714285715,0.8726666666666667
1102,0.8906122448979592,0.8914285714285715,0.8743333333333333
1103,0.8924489795918368,0.8919047619047619,0.8736666666666667
1104,0.8920408163265307,0.8923809523809524,0.8723333333333333
1105,0.8893877551020408,0.8914285714285715,0.8726666666666667
1106,0.893265306122449,0.8928571428571429,0.8736666666666667
1107,0.8908163265306123,0.8919047619047619,0.8723333333333333
1108,0.889795918367347,0.8923809523809524,0.873
1109,0.8928571428571429,0.8928571428571429,0.8746666666666667
1110,0.8912244897959184,0.8914285714285715,0.873
1111,0.8910204081632653,0.8928571428571429,0.8733333333333333
1112,0.8910204081632653,0.8909523809523809,0.8733333333333333
1113,0.8912244897959184,0.8919047619047619,0.872
1114,0.8908163265306123,0.8923809523809524,0.8723333333333333
1115,0.8924489795918368,0.8914285714285715,0.873
1116,0.8916326530612245,0.8923809523809524,0.8733333333333333
1117,0.8942857142857142,0.8928571428571429,0.874
1118,0.889795918367347,0.8923809523809524,0.8733333333333333
1119,0.8922448979591837,0.8914285714285715,0.872
1120,0.8910204081632653,0.8919047619047619,0.874
1121,0.8908163265306123,0.8914285714285715,0.8733333333333333
1122,0.8887755102040816,0.8923809523809524,0.8736666666666667
1123,0.8912244897959184,0.8923809523809524,0.8733333333333333
1124,0.8934693877551021,0.8923809523809524,0.874
1125,0.8922448979591837,0.8914285714285715,0.8716666666666667
1126,0.8924489795918368,0.8923809523809524,0.874
1127,0.8938775510204081,0.8914285714285715,0.8726666666666667
1128,0.8926530612244898,0.8919047619047619,0.873
1129,0.8906122448979592,0.8919047619047619,0.873
1130,0.8914285714285715,0.8914285714285715,0.8736666666666667
1131,0.8912244897959184,0.8923809523809524,0.8736666666666667
1132,0.8920408163265307,0.8928571428571429,0.8723333333333333
1133,0.8891836734693878,0.8909523809523809,0.8726666666666667
1134,0.89,0.8923809523809524,0.874
1135,0.893061224489796,0.8919047619047619,0.8726666666666667
1136,0.8920408163265307,0.8909523809523809,0.872
1137,0.8918367346938776,0.8923809523809524,0.8736666666666667
1138,0.8912244897959184,0.8919047619047619,0.8733333333333333
1139,0.8924489795918368,0.8923809523809524,0.8733333333333333
1140,0.8912244897959184,0.8923809523809524,0.8733333333333333
1141,0.8934693877551021,0.8923809523809524,0.8733333333333333
1142,0.8951020408163265,0.8919047619047619,0.873
1143,0.893061224489796,0.8942857142857142,0.873
1144,0.8902040816326531,0.8923809523809524,0.873
1145,0.8906122448979592,0.8909523809523809,0.8726666666666667
1146,0.8922448979591837,0.8914285714285715,0.8743333333333333
1147,0.8910204081632653,0.8919047619047619,0.8733333333333333
1148,0.889795918367347,0.8928571428571429,0.873
1149,0.8895918367346939,0.8923809523809524,0.8733333333333333
1150,0.889795918367347,0.8919047619047619,0.874
1151,0.8914285714285715,0.8914285714285715,0.8736666666666667
1152,0.889795918367347,0.8904761904761904,0.874
1153,0.8910204081632653,0.89,0.8736666666666667
1154,0.8916326530612245,0.8919047619047619,0.8726666666666667
1155,0.8938775510204081,0.8914285714285715,0.8723333333333333
1156,0.8926530612244898,0.8919047619047619,0.8726666666666667
1157,0.893673469387755,0.8919047619047619,0.8726666666666667
1158,0.8928571428571429,0.8923809523809524,0.8733333333333333
1159,0.8912244897959184,0.8919047619047619,0.8743333333333333
1160,0.8910204081632653,0.8919047619047619,0.8726666666666667
1161,0.89,0.8923809523809524,0.8746666666666667
1162,0.889795918367347,0.8919047619047619,0.8733333333333333
1163,0.8928571428571429,0.8914285714285715,0.874
1164,0.8916326530612245,0.8909523809523809,0.8723333333333333
1165,0.8942857142857142,0.8919047619047619,0.873
1166,0.8914285714285715,0.8904761904761904,0.8736666666666667
1167,0.8908163265306123,0.8923809523809524,0.874
1168,0.8908163265306123,0.8923809523809524,0.8746666666666667
1169,0.8910204081632653,0.8909523809523809,0.872
1170,0.8926530612244898,0.8909523809523809,0.873
1171,0.8914285714285715,0.8923809523809524,0.8723333333333333
1172,0.8904081632653061,0.8914285714285715,0.873
1173,0.8928571428571429,0.8923809523809524,0.8736666666666667
1174,0.8914285714285715,0.8919047619047619,0.8726666666666667
1175,0.893265306122449,0.8919047619047619,0.8733333333333333
1176,0.8887755102040816,0.8909523809523809,0.8723333333333333
1177,0.8910204081632653,0.89,0.873
1178,0.8902040816326531,0.8914285714285715,0.8723333333333333
1179,0.8906122448979592,0.8914285714285715,0.8743333333333333
1180,0.8916326530612245,0.8919047619047619,0.8723333333333333
1181,0.8908163265306123,0.8919047619047619,0.874
1182,0.8918367346938776,0.8919047619047619,0.8733333333333333
1183,0.89,0.8923809523809524,0.874
1184,0.8928571428571429,0.8923809523809524,0.8733333333333333
1185,0.8904081632653061,0.8904761904761904,0.8743333333333333
1186,0.8910204081632653,0.8904761904761904,0.8736666666666667
1187,0.8918367346938776,0.8923809523809524,0.8733333333333333
1188,0.8920408163265307,0.8928571428571429,0.8733333333333333
1189,0.8910204081632653,0.8923809523809524,0.8736666666666667
1190,0.8918367346938776,0.8923809523809524,0.8723333333333333
1191,0.8891836734693878,0.8923809523809524,0.8733333333333333
1192,0.89,0.8923809523809524,0.873
1193,0.8934693877551021,0.8914285714285715,0.8733333333333333
1194,0.8916326530612245,0.8923809523809524,0.873
1195,0.8922448979591837,0.8919047619047619,0.8726666666666667
1196,0.8908163265306123,0.8914285714285715,0.873
1197,0.8918367346938776,0.8919047619047619,0.8736666666666667
1198,0.8920408163265307,0.8919047619047619,0.873
1199,0.8926530612244898,0.8923809523809524,0.8733333333333333
1200,0.8924489795918368,0.8919047619047619,0.8726666666666667
1201,0.8928571428571429,0.8909523809523809,0.8733333333333333
1202,0.8904081632653061,0.8919047619047619,0.8733333333333333
1203,0.8912244897959184,0.8923809523809524,0.874
1204,0.8914285714285715,0.8923809523809524,0.873
1205,0.8920408163265307,0.8914285714285715,0.873
1206,0.8926530612244898,0.8928571428571429,0.8743333333333333
1207,0.8895918367346939,0.8909523809523809,0.8726666666666667
1208,0.89,0.8914285714285715,0.8723333333333333
1209,0.8922448979591837,0.8928571428571429,0.873
1210,0.8938775510204081,0.8933333333333333,0.874
1211,0.8908163265306123,0.8923809523809524,0.8736666666666667
1212,0.8918367346938776,0.89,0.872
1213,0.8912244897959184,0.8919047619047619,0.8726666666666667
1214,0.8916326530612245,0.8914285714285715,0.873
1215,0.893265306122449,0.8919047619047619,0.8733333333333333
1216,0.8918367346938776,0.8914285714285715,0.8743333333333333
1217,0.8885714285714286,0.8919047619047619,0.873
1218,0.8928571428571429,0.8923809523809524,0.873
1219,0.8887755102040816,0.8928571428571429,0.873
1220,0.8918367346938776,0.8919047619047619,0.8726666666666667
1221,0.8914285714285715,0.8904761904761904,0.8726666666666667
1222,0.8922448979591837,0.8909523809523809,0.8736666666666667
1223,0.8928571428571429,0.8919047619047619,0.8733333333333333
1224,0.8902040816326531,0.8923809523809524,0.874
1225,0.8910204081632653,0.8928571428571429,0.8736666666666667
1226,0.8928571428571429,0.8928571428571429,0.8736666666666667
1227,0.8902040816326531,0.8923809523809524,0.874
1228,0.8902040816326531,0.8923809523809524,0.8736666666666667
1229,0.8912244897959184,0.8923809523809524,0.8733333333333333
1230,0.8926530612244898,0.8919047619047619,0.872
1231,0.8918367346938776,0.8919047619047619,0.872
1232,0.8908163265306123,0.8914285714285715,0.873
1233,0.8920408163265307,0.8904761904761904,0.8726666666666667
1234,0.8928571428571429,0.8909523809523809,0.8726666666666667
1235,0.8885714285714286,0.8923809523809524,0.8733333333333333
1236,0.8908163265306123,0.8923809523809524,0.874
1237,0.8889795918367347,0.8923809523809524,0.8743333333333333
1238,0.8893877551020408,0.8923809523809524,0.874
1239,0.8922448979591837,0.8919047619047619,0.872
1240,0.8908163265306123,0.8919047619047619,0.8713333333333333
1241,0.8918367346938776,0.8923809523809524,0.8736666666666667
1242,0.8934693877551021,0.8919047619047619,0.873
1243,0.89,0.8923809523809524,0.8733333333333333
1244,0.8926530612244898,0.8914285714285715,0.873
1245,0.8916326530612245,0.8914285714285715,0.8726666666666667
1246,0.8908163265306123,0.8919047619047619,0.8723333333333333
1247,0.8908163265306123,0.8909523809523809,0.8726666666666667
1248,0.8893877551020408,0.8928571428571429,0.8746666666666667
1249,0.8902040816326531,0.8923809523809524,0.8723333333333333
1250,0.8908163265306123,0.8923809523809524,0.873
1251,0.8906122448979592,0.8904761904761904,0.8726666666666667
1252,0.8904081632653061,0.8928571428571429,0.874
1253,0.8918367346938776,0.8923809523809524,0.8743333333333333
1254,0.8934693877551021,0.8928571428571429,0.874
1255,0.8918367346938776,0.8923809523809524,0.8746666666666667
1256,0.8908163265306123,0.8914285714285715,0.8733333333333333
1257,0.889795918367347,0.8923809523809524,0.8733333333333333
1258,0.8922448979591837,0.8919047619047619,0.874
1259,0.8918367346938776,0.8928571428571429,0.874
1260,0.89,0.8914285714285715,0.873
1261,0.8916326530612245,0.8923809523809524,0.8736666666666667
1262,0.8924489795918368,0.8914285714285715,0.874
1263,0.8924489795918368,0.8919047619047619,0.8726666666666667
1264,0.8916326530612245,0.8914285714285715,0.873
1265,0.8928571428571429,0.8909523809523809,0.8726666666666667
1266,0.8902040816326531,0.8919047619047619,0.8726666666666667
1267,0.893265306122449,0.8919047619047619,0.874
1268,0.8928571428571429,0.8923809523809524,0.8736666666666667
1269,0.8910204081632653,0.8919047619047619,0.8723333333333333
1270,0.8926530612244898,0.8914285714285715,0.873
1271,0.8920408163265307,0.8919047619047619,0.8736666666666667
1272,0.8910204081632653,0.8914285714285715,0.8736666666666667
1273,0.8916326530612245,0.8923809523809524,0.874
1274,0.8940816326530612,0.8923809523809524,0.8746666666666667
1275,0.8912244897959184,0.8914285714285715,0.8713333333333333
1276,0.8928571428571429,0.8909523809523809,0.8723333333333333
1277,0.8906122448979592,0.8928571428571429,0.8733333333333333
1278,0.8926530612244898,0.8923809523809524,0.8736666666666667
1279,0.8908163265306123,0.8919047619047619,0.8736666666666667
1280,0.8928571428571429,0.8923809523809524,0.8736666666666667
1281,0.8924489795918368,0.8919047619047619,0.8726666666666667
1282,0.8908163265306123,0.8923809523809524,0.8743333333333333
1283,0.8906122448979592,0.8923809523809524,0.8736666666666667
1284,0.8914285714285715,0.8909523809523809,0.8753333333333333
1285,0.8902040816326531,0.8923809523809524,0.8733333333333333
1286,0.8912244897959184,0.8923809523809524,0.874
1287,0.8904081632653061,0.8919047619047619,0.873
1288,0.8908163265306123,0.8919047619047619,0.8723333333333333
1289,0.8924489795918368,0.8919047619047619,0.872
1290,0.8918367346938776,0.8919047619047619,0.8726666666666667
1291,0.8906122448979592,0.8923809523809524,0.8733333333333333
1292,0.8906122448979592,0.8928571428571429,0.8733333333333333
1293,0.889795918367347,0.8919047619047619,0.8723333333333333
1294,0.8920408163265307,0.8909523809523809,0.874
1295,0.893265306122449,0.8919047619047619,0.8743333333333333
1296,0.89,0.8919047619047619,0.874
1297,0.8885714285714286,0.8914285714285715,0.873
1298,0.8934693877551021,0.8914285714285715,0.873
1299,0.8910204081632653,0.8919047619047619,0.873
1300,0.8904081632653061,0.8923809523809524,0.874
1301,0.8916326530612245,0.8928571428571429,0.8746666666666667
1302,0.8926530612244898,0.8923809523809524,0.8743333333333333
1303,0.8902040816326531,0.8919047619047619,0.8733333333333333
1304,0.8918367346938776,0.8928571428571429,0.8723333333333333
1305,0.89,0.8928571428571429,0.8736666666666667
1306,0.8924489795918368,0.8923809523809524,0.8723333333333333
1307,0.8904081632653061,0.8914285714285715,0.8733333333333333
1308,0.8914285714285715,0.8919047619047619,0.8733333333333333
1309,0.8916326530612245,0.8919047619047619,0.8736666666666667
1310,0.8942857142857142,0.8923809523809524,0.8723333333333333
1311,0.8928571428571429,0.8923809523809524,0.873
1312,0.8912244897959184,0.8923809523809524,0.874
1313,0.8922448979591837,0.8923809523809524,0.8736666666666667
1314,0.8918367346938776,0.8933333333333333,0.874
1315,0.8906122448979592,0.8933333333333333,0.8733333333333333
1316,0.8904081632653061,0.8909523809523809,0.8733333333333333
1317,0.8914285714285715,0.8919047619047619,0.8716666666666667
1318,0.8920408163265307,0.8909523809523809,0.8726666666666667
1319,0.8893877551020408,0.89,0.8746666666666667
1320,0.893061224489796,0.8909523809523809,0.8726666666666667
1321,0.8904081632653061,0.8919047619047619,0.8733333333333333
1322,0.8922448979591837,0.8919047619047619,0.8723333333333333
1323,0.889795918367347,0.8919047619047619,0.8736666666666667
1324,0.8924489795918368,0.8923809523809524,0.8723333333333333
1325,0.8914285714285715,0.8923809523809524,0.874
1326,0.8918367346938776,0.8928571428571429,0.8736666666666667
1327,0.8918367346938776,0.8923809523809524,0.8743333333333333
1328,0.8918367346938776,0.8923809523809524,0.8723333333333333
1329,0.8924489795918368,0.8919047619047619,0.873
1330,0.8918367346938776,0.8923809523809524,0.874
1331,0.8914285714285715,0.8923809523809524,0.874
1332,0.8914285714285715,0.8923809523809524,0.874
1333,0.8914285714285715,0.8923809523809524,0.8736666666666667
1334,0.8914285714285715,0.8919047619047619,0.8713333333333333
1335,0.8914285714285715,0.8933333333333333,0.875
1336,0.889795918367347,0.8919047619047619,0.8726666666666667
1337,0.889795918367347,0.8919047619047619,0.874
1338,0.8918367346938776,0.8923809523809524,0.873
1339,0.893673469387755,0.8923809523809524,0.8726666666666667
1340,0.8922448979591837,0.8919047619047619,0.8736666666666667
1341,0.8908163265306123,0.8928571428571429,0.873
1342,0.8906122448979592,0.8914285714285715,0.8736666666666667
1343,0.893061224489796,0.8914285714285715,0.873
1344,0.8883673469387755,0.8919047619047619,0.8723333333333333
1345,0.8906122448979592,0.8909523809523809,0.8733333333333333
1346,0.8904081632653061,0.8914285714285715,0.8736666666666667
1347,0.8906122448979592,0.8919047619047619,0.8726666666666667
1348,0.8908163265306123,0.8919047619047619,0.874
1349,0.8920408163265307,0.8919047619047619,0.873
1350,0.8910204081632653,0.8923809523809524,0.8736666666666667
1351,0.8908163265306123,0.8914285714285715,0.8716666666666667
1352,0.8928571428571429,0.8919047619047619,0.8733333333333333
1353,0.889795918367347,0.8919047619047619,0.8726666666666667
1354,0.8916326530612245,0.8919047619047619,0.8723333333333333
1355,0.8912244897959184,0.8919047619047619,0.8723333333333333
1356,0.893265306122449,0.8904761904761904,0.8736666666666667
1357,0.8912244897959184,0.8914285714285715,0.8736666666666667
1358,0.8922448979591837,0.8919047619047619,0.8743333333333333
1359,0.8904081632653061,0.8919047619047619,0.8736666666666667
1360,0.8914285714285715,0.8923809523809524,0.874
1361,0.8908163265306123,0.8919047619047619,0.8733333333333333
1362,0.8891836734693878,0.8923809523809524,0.8743333333333333
1363,0.893061224489796,0.8923809523809524,0.8746666666666667
1364,0.8895918367346939,0.8923809523809524,0.8743333333333333
1365,0.8902040816326531,0.8928571428571429,0.8743333333333333
1366,0.8916326530612245,0.8914285714285715,0.8726666666666667
1367,0.8920408163265307,0.8928571428571429,0.8743333333333333
1368,0.89,0.8923809523809524,0.873
1369,0.8906122448979592,0.8919047619047619,0.8726666666666667
1370,0.889795918367347,0.8923809523809524,0.8733333333333333
1371,0.89,0.8919047619047619,0.8733333333333333
1372,0.8908163265306123,0.8923809523809524,0.8733333333333333
1373,0.8916326530612245,0.8904761904761904,0.873
1374,0.8957142857142857,0.8919047619047619,0.8723333333333333
1375,0.8912244897959184,0.8923809523809524,0.8743333333333333
1376,0.8908163265306123,0.8919047619047619,0.8723333333333333
1377,0.8912244897959184,0.8914285714285715,0.8733333333333333
1378,0.8918367346938776,0.8923809523809524,0.873
1379,0.8910204081632653,0.8919047619047619,0.8733333333333333
1380,0.8908163265306123,0.8928571428571429,0.874
1381,0.8916326530612245,0.8923809523809524,0.8726666666666667
1382,0.8924489795918368,0.8904761904761904,0.8746666666666667
1383,0.8895918367346939,0.8919047619047619,0.873
1384,0.8916326530612245,0.8923809523809524,0.873
1385,0.8922448979591837,0.8914285714285715,0.8733333333333333
1386,0.8912244897959184,0.8895238095238095,0.873
1387,0.8928571428571429,0.8928571428571429,0.8743333333333333
1388,0.89,0.8919047619047619,0.873
1389,0.8914285714285715,0.8923809523809524,0.8726666666666667
1390,0.8910204081632653,0.8914285714285715,0.8733333333333333
1391,0.8912244897959184,0.8914285714285715,0.873
1392,0.8918367346938776,0.8919047619047619,0.872
1393,0.8904081632653061,0.8923809523809524,0.8746666666666667
1394,0.8918367346938776,0.8928571428571429,0.8743333333333333
1395,0.893265306122449,0.8928571428571429,0.874
1396,0.8924489795918368,0.8919047619047619,0.8736666666666667
1397,0.893265306122449,0.8923809523809524,0.8736666666666667
1398,0.8916326530612245,0.8919047619047619,0.8726666666666667
1399,0.8893877551020408,0.8914285714285715,0.872
1400,0.8928571428571429,0.8919047619047619,0.8726666666666667
1401,0.8924489795918368,0.8923809523809524,0.8746666666666667
1402,0.8928571428571429,0.8919047619047619,0.8736666666666667
1403,0.8924489795918368,0.8923809523809524,0.8736666666666667
1404,0.8914285714285715,0.8928571428571429,0.874
1405,0.8908163265306123,0.8919047619047619,0.8736666666666667
1406,0.8912244897959184,0.8923809523809524,0.874
1407,0.8914285714285715,0.8914285714285715,0.873
1408,0.8912244897959184,0.8914285714285715,0.8726666666666667
1409,0.8920408163265307,0.8919047619047619,0.8723333333333333
1410,0.8918367346938776,0.8919047619047619,0.8736666666666667
1411,0.8920408163265307,0.8919047619047619,0.873
1412,0.89,0.8928571428571429,0.8733333333333333
1413,0.8918367346938776,0.8919047619047619,0.874
1414,0.8918367346938776,0.8919047619047619,0.8746666666666667
1415,0.8910204081632653,0.8909523809523809,0.8733333333333333
1416,0.8883673469387755,0.8923809523809524,0.8733333333333333
1417,0.8904081632653061,0.8914285714285715,0.873
1418,0.8916326530612245,0.8909523809523809,0.8743333333333333
1419,0.8928571428571429,0.8928571428571429,0.8736666666666667
1420,0.8893877551020408,0.8914285714285715,0.8723333333333333
1421,0.8908163265306123,0.8923809523809524,0.874
1422,0.8902040816326531,0.8923809523809524,0.8746666666666667
1423,0.8918367346938776,0.8914285714285715,0.8736666666666667
1424,0.8918367346938776,0.8909523809523809,0.8733333333333333
1425,0.8924489795918368,0.8909523809523809,0.8733333333333333
1426,0.8920408163265307,0.8923809523809524,0.8733333333333333
1427,0.8908163265306123,0.8919047619047619,0.875
1428,0.8924489795918368,0.8919047619047619,0.8736666666666667
1429,0.8922448979591837,0.8923809523809524,0.8726666666666667
1430,0.893673469387755,0.8923809523809524,0.8736666666666667
1431,0.8912244897959184,0.8914285714285715,0.8723333333333333
1432,0.89,0.8928571428571429,0.8743333333333333
1433,0.8906122448979592,0.8923809523809524,0.8733333333333333
1434,0.8924489795918368,0.8923809523809524,0.8733333333333333
1435,0.8906122448979592,0.8914285714285715,0.8736666666666667
1436,0.8902040816326531,0.8923809523809524,0.8733333333333333
1437,0.8926530612244898,0.8923809523809524,0.874
1438,0.8920408163265307,0.8923809523809524,0.873
1439,0.8904081632653061,0.8923809523809524,0.8736666666666667
1440,0.8914285714285715,0.8919047619047619,0.874
1441,0.8912244897959184,0.8914285714285715,0.8733333333333333
1442,0.8922448979591837,0.8919047619047619,0.874
1443,0.8912244897959184,0.8914285714285715,0.8736666666666667
1444,0.893673469387755,0.8923809523809524,0.874
1445,0.8904081632653061,0.8923809523809524,0.8723333333333333
1446,0.8916326530612245,0.8923809523809524,0.8726666666666667
1447,0.8926530612244898,0.8923809523809524,0.8746666666666667
1448,0.893061224489796,0.8909523809523809,0.873
1449,0.8940816326530612,0.8919047619047619,0.8726666666666667
1450,0.893673469387755,0.8923809523809524,0.8736666666666667
1451,0.8908163265306123,0.8909523809523809,0.874
1452,0.8938775510204081,0.8904761904761904,0.872
1453,0.8908163265306123,0.8923809523809524,0.874
1454,0.89,0.8904761904761904,0.8746666666666667
1455,0.8889795918367347,0.8928571428571429,0.8743333333333333
1456,0.8924489795918368,0.8919047619047619,0.8733333333333333
1457,0.8944897959183673,0.8914285714285715,0.8723333333333333
1458,0.8916326530612245,0.8919047619047619,0.873
1459,0.8914285714285715,0.8928571428571429,0.8743333333333333
1460,0.8912244897959184,0.8923809523809524,0.8733333333333333
1461,0.893061224489796,0.8923809523809524,0.874
1462,0.8891836734693878,0.8914285714285715,0.873
1463,0.8922448979591837,0.8923809523809524,0.873
1464,0.89,0.8928571428571429,0.8746666666666667
1465,0.8910204081632653,0.8923809523809524,0.874
1466,0.8918367346938776,0.8933333333333333,0.8753333333333333
1467,0.8902040816326531,0.8914285714285715,0.8723333333333333
1468,0.89,0.8923809523809524,0.8746666666666667
1469,0.8912244897959184,0.8928571428571429,0.8743333333333333
1470,0.8914285714285715,0.8923809523809524,0.8736666666666667
1471,0.8902040816326531,0.8923809523809524,0.872
1472,0.8908163265306123,0.8914285714285715,0.8733333333333333
1473,0.8906122448979592,0.8928571428571429,0.8736666666666667
1474,0.89,0.8923809523809524,0.8746666666666667
1475,0.8924489795918368,0.8928571428571429,0.874
1476,0.8912244897959184,0.8928571428571429,0.8736666666666667
1477,0.8916326530612245,0.8923809523809524,0.8736666666666667
1478,0.8914285714285715,0.8933333333333333,0.8733333333333333
1479,0.8906122448979592,0.8919047619047619,0.8716666666666667
1480,0.8883673469387755,0.8914285714285715,0.8733333333333333
1481,0.8912244897959184,0.8914285714285715,0.8746666666666667
1482,0.89,0.8914285714285715,0.874
1483,0.8922448979591837,0.8933333333333333,0.8716666666666667
1484,0.8918367346938776,0.8928571428571429,0.8736666666666667
1485,0.8934693877551021,0.8928571428571429,0.8733333333333333
1486,0.8914285714285715,0.8923809523809524,0.8736666666666667
1487,0.8920408163265307,0.8933333333333333,0.8736666666666667
1488,0.8918367346938776,0.8923809523809524,0.873
1489,0.8904081632653061,0.8923809523809524,0.8733333333333333
1490,0.8916326530612245,0.8923809523809524,0.8736666666666667
1491,0.8891836734693878,0.8919047619047619,0.8746666666666667
1492,0.8922448979591837,0.8919047619047619,0.8733333333333333
1493,0.8904081632653061,0.8919047619047619,0.8726666666666667
1494,0.8918367346938776,0.8928571428571429,0.872
1495,0.8889795918367347,0.8923809523809524,0.872
1496,0.8922448979591837,0.8923809523809524,0.8736666666666667
1497,0.8906122448979592,0.8904761904761904,0.874
1498,0.8928571428571429,0.8919047619047619,0.8733333333333333
1499,0.8906122448979592,0.8904761904761904,0.8743333333333333
